address,name,size_bytes,decompiled_ok
0001d044,FUN_0001d044,10,true
0001d04e,FUN_0001d04e,12,true
0001d05c,FUN_0001d05c,34,true
0001d07e,FUN_0001d07e,110,true
0001d0fc,FUN_0001d0fc,8,true
0001d1da,FUN_0001d1da,68,true
0001d244,FUN_0001d244,352,true
0001d3a4,FUN_0001d3a4,48,true
0001d3e2,FUN_0001d3e2,48,true
0001d412,FUN_0001d412,430,true
0001d5c4,FUN_0001d5c4,6,true
0001d5ca,FUN_0001d5ca,154,true
0001d698,FUN_0001d698,90,true
0001d6f2,FUN_0001d6f2,88,true
0001d74a,FUN_0001d74a,180,true
0001d7fe,FUN_0001d7fe,34,true
0001d832,FUN_0001d832,28,true
0001d84e,FUN_0001d84e,170,true
0001d8f8,FUN_0001d8f8,22,true
0001d90e,FUN_0001d90e,84,true
0001d984,FUN_0001d984,74,true
0001d9ce,FUN_0001d9ce,18,true
0001d9e0,FUN_0001d9e0,92,true
0001da3c,FUN_0001da3c,102,true
0001dab0,FUN_0001dab0,68,true
0001db4c,FUN_0001db4c,102,true
0001db5a,FUN_0001db5a,366,true
0001dcc8,FUN_0001dcc8,56,true
0001dd00,FUN_0001dd00,68,true
0001dd44,FUN_0001dd44,18,true
0001ddca,FUN_0001ddca,58,true
0001de14,FUN_0001de14,54,true
0001de4a,FUN_0001de4a,90,true
0001dea4,FUN_0001dea4,92,true
0001df40,FUN_0001df40,70,true
0001df86,FUN_0001df86,38,true
0001dfb8,FUN_0001dfb8,74,true
0001e002,FUN_0001e002,72,true
0001e04a,FUN_0001e04a,110,true
0001e0b8,FUN_0001e0b8,134,true
0001e13e,FUN_0001e13e,76,true
0001e18a,FUN_0001e18a,116,true
0001e200,FUN_0001e200,80,true
0001e250,FUN_0001e250,30,true
0001e28a,FUN_0001e28a,50,true
0001e2bc,FUN_0001e2bc,66,true
0001e320,FUN_0001e320,26,true
0001e348,FUN_0001e348,8,true
0001e350,FUN_0001e350,38,true
0001e376,FUN_0001e376,18,true
0001e388,FUN_0001e388,40,true
0001e3b0,FUN_0001e3b0,16,true
0001e3c0,FUN_0001e3c0,30,true
0001e3de,FUN_0001e3de,18,true
0001e3f0,FUN_0001e3f0,1088,true
0001e840,FUN_0001e840,92,true
0001e89c,FUN_0001e89c,54,true
0001e8d2,FUN_0001e8d2,114,true
0001e944,FUN_0001e944,66,true
0001e986,FUN_0001e986,216,true
0001ea5e,FUN_0001ea5e,52,true
0001ea92,FUN_0001ea92,54,true
0001eb60,FUN_0001eb60,70,true
0001eba6,FUN_0001eba6,24,true
0001ebbe,FUN_0001ebbe,30,true
0001ebdc,FUN_0001ebdc,20,true
0001ebf0,FUN_0001ebf0,60,true
0001ec2c,FUN_0001ec2c,28,true
0001ec78,FUN_0001ec78,36,true
0001ec9c,FUN_0001ec9c,30,true
0001ecbc,FUN_0001ecbc,66,true
0001ecdc,FUN_0001ecdc,32,true
0001ecfe,FUN_0001ecfe,70,true
0001ed66,FUN_0001ed66,54,true
0001ee34,FUN_0001ee34,28,true
0001ee50,FUN_0001ee50,12,true
0001f2bc,FUN_0001f2bc,36,true
0001f2e0,FUN_0001f2e0,50,true
0001f3d4,FUN_0001f3d4,48,true
0001f404,FUN_0001f404,40,true
0001f42c,FUN_0001f42c,60,true
0001f468,FUN_0001f468,22,true
0001f5e6,FUN_0001f5e6,24,true
0001f608,FUN_0001f608,8,true
0001f610,FUN_0001f610,516,true
0001f814,FUN_0001f814,32,true
0001f834,FUN_0001f834,116,true
0001f8a8,FUN_0001f8a8,30,true
0001f8c6,FUN_0001f8c6,762,true
0001fbea,FUN_0001fbea,32,true
0001fc7e,FUN_0001fc7e,68,true
0001fcd8,FUN_0001fcd8,56,true
0001fd10,FUN_0001fd10,46,true
0001fd80,FUN_0001fd80,30,true
0001fdac,FUN_0001fdac,36,true
0001fdd0,FUN_0001fdd0,46,true
0001fdfe,FUN_0001fdfe,40,true
0001fe2c,FUN_0001fe2c,110,true
0001fe9a,FUN_0001fe9a,42,true
0001fedc,FUN_0001fedc,6,true
0001fef0,FUN_0001fef0,18,true
0001ff3a,FUN_0001ff3a,10,true
0001ff4e,FUN_0001ff4e,58,true
0001ffda,FUN_0001ffda,82,true
0002006c,FUN_0002006c,82,true
0002007e,FUN_0002007e,12,true
00020092,FUN_00020092,20,true
000200a6,FUN_000200a6,26,true
000200d0,FUN_000200d0,6,true
000200e4,FUN_000200e4,18,true
00020138,FUN_00020138,10,true
00020142,FUN_00020142,370,true
00020344,FUN_00020344,102,true
000203aa,FUN_000203aa,6,true
000203b0,thunk_FUN_000b01d0,4,true
00020436,FUN_00020436,80,true
0002049e,FUN_0002049e,62,true
000204e2,FUN_000204e2,32,true
00020528,FUN_00020528,348,true
00020bb8,FUN_00020bb8,806,true
00020f62,FUN_00020f62,228,true
0002105a,FUN_0002105a,1052,true
00021522,FUN_00021522,60,true
0002158c,FUN_0002158c,480,true
00021782,FUN_00021782,192,true
00021842,FUN_00021842,620,true
00021aec,FUN_00021aec,1094,true
00021fde,FUN_00021fde,360,true
00022146,FUN_00022146,832,true
000224d8,FUN_000224d8,112,true
00022728,FUN_00022728,178,true
000227f2,FUN_000227f2,136,true
0002287a,FUN_0002287a,1712,true
0002315c,FUN_0002315c,54,true
00023192,FUN_00023192,38,true
000231b8,FUN_000231b8,8,true
000231d8,FUN_000231d8,28,true
000231f4,FUN_000231f4,10,true
000231fe,FUN_000231fe,26,true
00023230,FUN_00023230,64,true
000232a6,FUN_000232a6,28,true
000232c2,FUN_000232c2,72,true
0002330a,FUN_0002330a,4,true
0002330e,FUN_0002330e,120,true
00023388,FUN_00023388,42,true
000233b2,FUN_000233b2,22,true
000233c8,FUN_000233c8,6,true
00023658,FUN_00023658,40,true
00023680,FUN_00023680,28,true
000236b8,FUN_000236b8,6,true
000236cc,FUN_000236cc,18,true
000236de,FUN_000236de,18,true
0002372a,FUN_0002372a,62,true
000239e8,FUN_000239e8,140,true
00023a74,FUN_00023a74,52,true
00023ae4,FUN_00023ae4,66,true
00023b26,FUN_00023b26,448,true
00023ce6,FUN_00023ce6,46,true
00023d14,FUN_00023d14,24,true
00023d2c,FUN_00023d2c,18,true
00023dae,FUN_00023dae,96,true
00023e0e,FUN_00023e0e,60,true
00023e4a,FUN_00023e4a,64,true
00023e90,FUN_00023e90,6,true
00023e96,thunk_FUN_000b01d0,4,true
00023efa,FUN_00023efa,198,true
00023fc0,FUN_00023fc0,388,true
00024144,FUN_00024144,400,true
0002431c,FUN_0002431c,146,true
000243ae,FUN_000243ae,152,true
00024458,FUN_00024458,6,true
0002445e,FUN_0002445e,44,true
00024486,FUN_00024486,34,true
000244a8,FUN_000244a8,24,true
00024526,FUN_00024526,128,true
00024618,FUN_00024618,46,true
00024666,FUN_00024666,2,true
00024668,FUN_00024668,6,true
00024672,FUN_00024672,10,true
0002467c,FUN_0002467c,18,true
000246d0,FUN_000246d0,10,true
000246e4,FUN_000246e4,50,true
00024716,FUN_00024716,8,true
00024730,FUN_00024730,20,true
0002476c,FUN_0002476c,274,true
00024848,FUN_00024848,328,true
00024990,FUN_00024990,20,true
000249a4,FUN_000249a4,66,true
000249e6,FUN_000249e6,40,true
00024a0e,FUN_00024a0e,52,true
00024a42,FUN_00024a42,18,true
00024a94,thunk_FUN_000b01d0,4,true
00024a98,FUN_00024a98,20,true
00024aac,FUN_00024aac,48,true
00024adc,FUN_00024adc,46,true
00024b0a,FUN_00024b0a,26,true
00024b24,FUN_00024b24,8,true
00024b30,FUN_00024b30,80,true
00024b8c,FUN_00024b8c,144,true
00024c1c,FUN_00024c1c,64,true
00024c5c,FUN_00024c5c,60,true
00024c98,FUN_00024c98,66,true
00024cda,FUN_00024cda,80,true
00024d2a,FUN_00024d2a,74,true
00024d74,FUN_00024d74,74,true
00024dbe,FUN_00024dbe,44,true
00024dea,FUN_00024dea,8,true
00024e7e,FUN_00024e7e,54,true
00024f0c,FUN_00024f0c,44,true
00024fb0,FUN_00024fb0,20,true
00024fc4,FUN_00024fc4,20,true
00025004,FUN_00025004,44,true
0002505c,FUN_0002505c,26,true
0002507a,FUN_0002507a,14,true
000250a0,FUN_000250a0,6,true
000250a6,FUN_000250a6,16,true
000250c8,FUN_000250c8,14,true
000250d6,FUN_000250d6,8,true
000250de,FUN_000250de,6,true
000250e4,FUN_000250e4,18,true
00025142,FUN_00025142,38,true
0002517c,FUN_0002517c,36,true
000251a0,FUN_000251a0,24,true
000251bc,FUN_000251bc,130,true
0002523e,FUN_0002523e,24,true
00025264,FUN_00025264,508,true
000254b4,FUN_000254b4,36,true
000254d8,FUN_000254d8,36,true
0002551e,FUN_0002551e,18,true
00025530,FUN_00025530,32,true
0002564e,FUN_0002564e,148,true
0002566e,FUN_0002566e,8,true
0002569c,thunk_FUN_0002564e,2,true
0002569e,FUN_0002569e,26,true
000256b8,FUN_000256b8,10,true
000256c2,FUN_000256c2,10,true
000256cc,FUN_000256cc,108,true
0002577a,FUN_0002577a,34,true
0002579c,FUN_0002579c,112,true
0002580c,FUN_0002580c,618,true
00025b92,FUN_00025b92,116,true
00025c96,FUN_00025c96,118,true
00025d0c,FUN_00025d0c,58,true
00025d46,FUN_00025d46,68,true
00025d8a,FUN_00025d8a,72,true
00025dd2,FUN_00025dd2,528,true
00026070,FUN_00026070,70,true
00026108,FUN_00026108,82,true
0002615a,FUN_0002615a,44,true
00026186,FUN_00026186,210,true
000263fc,FUN_000263fc,6,true
0002646e,FUN_0002646e,10,true
0002648c,FUN_0002648c,14,true
000265a0,FUN_000265a0,62,true
000265de,FUN_000265de,46,true
0002664c,FUN_0002664c,182,true
00026740,FUN_00026740,6,true
0002679e,FUN_0002679e,10,true
000267a8,FUN_000267a8,10,true
000267e4,FUN_000267e4,40,true
0002680c,FUN_0002680c,26,true
0002687c,FUN_0002687c,254,true
0002698a,FUN_0002698a,354,true
00026aec,FUN_00026aec,162,true
00026ff4,FUN_00026ff4,214,true
000270d8,FUN_000270d8,436,true
000272f0,FUN_000272f0,72,true
00027334,FUN_00027334,30,true
00027352,FUN_00027352,16,true
000273e4,FUN_000273e4,4,true
000273e8,FUN_000273e8,4,true
00027408,FUN_00027408,6,true
0002740e,FUN_0002740e,4,true
00027440,FUN_00027440,10,true
000274d6,FUN_000274d6,144,true
00027566,FUN_00027566,70,true
000275ac,FUN_000275ac,544,true
000277cc,FUN_000277cc,82,true
0002783e,FUN_0002783e,28,true
0002785a,FUN_0002785a,14,true
00027868,FUN_00027868,4,true
0002786c,FUN_0002786c,8,true
00027874,FUN_00027874,24,true
0002788c,FUN_0002788c,30,true
000278aa,FUN_000278aa,20,true
000278be,FUN_000278be,102,true
0002792c,FUN_0002792c,234,true
00027a06,FUN_00027a06,202,true
00027ad0,FUN_00027ad0,30,true
00027aee,FUN_00027aee,118,true
00027b64,FUN_00027b64,96,true
00027bc4,FUN_00027bc4,10,true
00027bde,FUN_00027bde,234,true
00027d4e,FUN_00027d4e,102,true
00027db4,FUN_00027db4,68,true
00027df8,FUN_00027df8,48,true
00027e90,FUN_00027e90,94,true
000280ea,FUN_000280ea,98,true
0002813e,FUN_0002813e,112,true
000281cc,FUN_000281cc,10,true
000281d6,FUN_000281d6,92,true
00028232,FUN_00028232,134,true
000282b8,FUN_000282b8,76,true
00028304,FUN_00028304,280,true
0002841c,FUN_0002841c,430,true
000286f2,FUN_000286f2,240,true
000287e2,FUN_000287e2,86,true
00028838,FUN_00028838,68,true
0002887c,FUN_0002887c,122,true
000288f6,FUN_000288f6,46,true
0002897a,FUN_0002897a,118,true
00028a0c,FUN_00028a0c,26,true
00028a42,FUN_00028a42,124,true
00028abe,FUN_00028abe,88,true
00028b16,FUN_00028b16,24,true
00028b2e,FUN_00028b2e,32,true
00028b4e,FUN_00028b4e,28,true
00028b78,FUN_00028b78,50,true
00028baa,FUN_00028baa,232,true
00028bd6,FUN_00028bd6,94,true
00028be0,FUN_00028be0,42,true
00028c0a,FUN_00028c0a,42,true
00028c34,FUN_00028c34,48,true
00028c64,FUN_00028c64,106,true
00028cce,FUN_00028cce,34,true
00028cf0,FUN_00028cf0,36,true
00028d14,FUN_00028d14,32,true
00028d3c,FUN_00028d3c,76,true
00028d88,FUN_00028d88,326,true
00028ed0,FUN_00028ed0,16,true
00029056,FUN_00029056,52,true
0002908a,FUN_0002908a,46,true
0002917a,FUN_0002917a,26,true
000291cc,FUN_000291cc,6,true
000291f2,FUN_000291f2,18,true
0002923e,FUN_0002923e,32,true
000292e8,FUN_000292e8,14,true
000292f6,FUN_000292f6,6,true
000292fc,thunk_FUN_000b01d0,4,true
00029354,FUN_00029354,6,true
0002935e,FUN_0002935e,10,true
00029368,FUN_00029368,18,true
000293c6,FUN_000293c6,46,true
00029468,FUN_00029468,108,true
000294d4,FUN_000294d4,106,true
0002953e,FUN_0002953e,360,true
000296a6,FUN_000296a6,156,true
00029780,FUN_00029780,34,true
000297a2,FUN_000297a2,12,true
000297ca,FUN_000297ca,98,true
0002982c,thunk_FUN_00031b42,4,true
00029838,FUN_00029838,12,true
00029854,FUN_00029854,20,true
00029884,FUN_00029884,6,true
00029898,FUN_00029898,18,true
000298e2,FUN_000298e2,10,true
000298f6,FUN_000298f6,32,true
00029916,FUN_00029916,24,true
0002992e,FUN_0002992e,46,true
00029960,FUN_00029960,82,true
000299b2,FUN_000299b2,36,true
000299f0,FUN_000299f0,44,true
00029a1c,FUN_00029a1c,102,true
00029a82,FUN_00029a82,120,true
00029ae2,FUN_00029ae2,70,true
00029b28,FUN_00029b28,44,true
00029b54,FUN_00029b54,44,true
00029bbe,FUN_00029bbe,20,true
00029bd2,FUN_00029bd2,140,true
00029de4,FUN_00029de4,10,true
00029dee,FUN_00029dee,6,true
00029df4,FUN_00029df4,24,true
00029e0c,FUN_00029e0c,22,true
00029e22,FUN_00029e22,132,true
00029ea6,FUN_00029ea6,42,true
00029f90,FUN_00029f90,98,true
0002a014,FUN_0002a014,64,true
0002a09e,FUN_0002a09e,166,true
0002a144,FUN_0002a144,84,true
0002a198,FUN_0002a198,74,true
0002a1e2,FUN_0002a1e2,18,true
0002a214,FUN_0002a214,70,true
0002a29c,FUN_0002a29c,20,true
0002a2b0,FUN_0002a2b0,22,true
0002a2e8,FUN_0002a2e8,18,true
0002a2fa,FUN_0002a2fa,26,true
0002a314,FUN_0002a314,376,true
0002a5c8,FUN_0002a5c8,84,true
0002a61c,FUN_0002a61c,46,true
0002a64a,FUN_0002a64a,214,true
0002a720,FUN_0002a720,40,true
0002a748,FUN_0002a748,50,true
0002a77a,FUN_0002a77a,40,true
0002a7a2,FUN_0002a7a2,60,true
0002a7de,FUN_0002a7de,44,true
0002a83c,FUN_0002a83c,198,true
0002a95e,FUN_0002a95e,46,true
0002a98c,FUN_0002a98c,44,true
0002a9b8,FUN_0002a9b8,40,true
0002a9e0,FUN_0002a9e0,102,true
0002aa48,FUN_0002aa48,80,true
0002aa98,FUN_0002aa98,64,true
0002ab16,FUN_0002ab16,352,true
0002acb8,FUN_0002acb8,26,true
0002acd2,FUN_0002acd2,36,true
0002acf6,FUN_0002acf6,1722,true
0002b5da,FUN_0002b5da,376,true
0002b752,FUN_0002b752,286,true
0002b872,FUN_0002b872,10,true
0002b87c,FUN_0002b87c,56,true
0002b8b4,FUN_0002b8b4,6,true
0002b908,FUN_0002b908,78,true
0002b958,FUN_0002b958,20,true
0002b96c,FUN_0002b96c,14,true
0002b9b0,FUN_0002b9b0,122,true
0002ba2a,FUN_0002ba2a,98,true
0002ba8c,FUN_0002ba8c,24,true
0002baa4,FUN_0002baa4,6,true
0002baaa,FUN_0002baaa,54,true
0002bae0,FUN_0002bae0,70,true
0002bb26,FUN_0002bb26,6,true
0002bb2c,FUN_0002bb2c,104,true
0002bbac,FUN_0002bbac,6,true
0002bbb6,FUN_0002bbb6,10,true
0002bbc0,FUN_0002bbc0,18,true
0002bc0a,FUN_0002bc0a,10,true
0002bc28,FUN_0002bc28,36,true
0002bc4c,FUN_0002bc4c,16,true
0002bc5c,FUN_0002bc5c,58,true
0002bcca,FUN_0002bcca,30,true
0002bce8,FUN_0002bce8,22,true
0002bcfe,FUN_0002bcfe,8,true
0002bd06,FUN_0002bd06,44,true
0002bd9e,FUN_0002bd9e,14,true
0002bdac,FUN_0002bdac,48,true
0002bddc,FUN_0002bddc,140,true
0002be9c,FUN_0002be9c,28,true
0002beb8,FUN_0002beb8,164,true
0002bf5c,FUN_0002bf5c,162,true
0002c17c,FUN_0002c17c,216,true
0002c254,FUN_0002c254,72,true
0002c420,FUN_0002c420,50,true
0002c452,FUN_0002c452,72,true
0002c4b8,FUN_0002c4b8,90,true
0002c50e,FUN_0002c50e,102,true
0002c576,FUN_0002c576,166,true
0002c61c,FUN_0002c61c,58,true
0002c6c8,FUN_0002c6c8,6,true
0002c6f8,FUN_0002c6f8,44,true
0002c7b8,FUN_0002c7b8,62,true
0002c7f6,FUN_0002c7f6,56,true
0002c92c,FUN_0002c92c,394,true
0002cc2c,FUN_0002cc2c,8,true
0002cc3a,FUN_0002cc3a,40,true
0002cc62,FUN_0002cc62,48,true
0002cc92,FUN_0002cc92,28,true
0002ccae,FUN_0002ccae,28,true
0002ccca,thunk_FUN_0002cce8,4,true
0002ccce,FUN_0002ccce,26,true
0002cce8,FUN_0002cce8,28,true
0002cd04,FUN_0002cd04,34,true
0002cd38,FUN_0002cd38,748,true
0002d028,FUN_0002d028,150,true
0002d0c4,FUN_0002d0c4,20,true
0002d120,FUN_0002d120,178,true
0002d1d2,FUN_0002d1d2,40,true
0002d1fa,FUN_0002d1fa,38,true
0002d220,FUN_0002d220,44,true
0002d286,FUN_0002d286,40,true
0002d2ae,FUN_0002d2ae,66,true
0002d2f0,FUN_0002d2f0,120,true
0002d36c,FUN_0002d36c,52,true
0002d3a0,FUN_0002d3a0,80,true
0002d3f0,FUN_0002d3f0,58,true
0002d42a,FUN_0002d42a,58,true
0002d464,FUN_0002d464,50,true
0002d496,FUN_0002d496,50,true
0002d4c8,FUN_0002d4c8,118,true
0002d54c,FUN_0002d54c,48,true
0002d57c,FUN_0002d57c,118,true
0002d5f8,FUN_0002d5f8,52,true
0002d62c,FUN_0002d62c,48,true
0002d65c,FUN_0002d65c,48,true
0002d68c,FUN_0002d68c,48,true
0002d6bc,FUN_0002d6bc,82,true
0002d70e,FUN_0002d70e,50,true
0002d740,FUN_0002d740,56,true
0002d7aa,FUN_0002d7aa,44,true
0002d7d8,FUN_0002d7d8,234,true
0002d8f0,FUN_0002d8f0,12,true
0002d90a,FUN_0002d90a,118,true
0002d980,FUN_0002d980,174,true
0002da2e,FUN_0002da2e,74,true
0002dac0,FUN_0002dac0,74,true
0002db0a,FUN_0002db0a,76,true
0002db5e,FUN_0002db5e,84,true
0002dbb2,FUN_0002dbb2,72,true
0002dc8c,FUN_0002dc8c,6,true
0002dca0,FUN_0002dca0,18,true
0002dcf4,FUN_0002dcf4,10,true
0002dd16,FUN_0002dd16,402,true
0002dea8,FUN_0002dea8,128,true
0002df28,FUN_0002df28,70,true
0002dfda,FUN_0002dfda,234,true
0002e0dc,FUN_0002e0dc,126,true
0002e15a,FUN_0002e15a,64,true
0002e216,FUN_0002e216,306,true
0002e348,FUN_0002e348,76,true
0002e394,FUN_0002e394,56,true
0002e3cc,FUN_0002e3cc,138,true
0002e456,FUN_0002e456,66,true
0002e496,FUN_0002e496,14,true
0002e4dc,FUN_0002e4dc,18,true
0002e4e4,FUN_0002e4e4,60,true
0002e52e,FUN_0002e52e,50,true
0002e562,FUN_0002e562,14,true
0002e570,FUN_0002e570,90,true
0002e88c,FUN_0002e88c,480,true
0002ea84,FUN_0002ea84,14,true
0002ec64,FUN_0002ec64,178,true
0002ed16,FUN_0002ed16,16,true
0002ef6e,FUN_0002ef6e,778,true
0002f278,FUN_0002f278,116,true
0002f2ec,FUN_0002f2ec,344,true
0002f450,FUN_0002f450,20,true
0002f464,FUN_0002f464,114,true
0002f514,FUN_0002f514,20,true
0002f592,FUN_0002f592,32,true
0002f5ae,FUN_0002f5ae,28,true
0002f64a,FUN_0002f64a,176,true
0002f6fa,FUN_0002f6fa,170,true
0002faf8,FUN_0002faf8,78,true
0002fb46,FUN_0002fb46,26,true
0002fb60,FUN_0002fb60,168,true
0002fdb0,FUN_0002fdb0,22,true
0002fdc6,FUN_0002fdc6,174,true
0002fe74,FUN_0002fe74,174,true
000304c0,FUN_000304c0,16,true
000304d0,FUN_000304d0,4,true
000304d4,FUN_000304d4,58,true
0003050e,FUN_0003050e,378,true
00030688,FUN_00030688,52,true
000306bc,FUN_000306bc,50,true
000306ee,FUN_000306ee,30,true
0003070c,FUN_0003070c,6,true
00030712,FUN_00030712,4,true
00030716,FUN_00030716,4,true
0003071a,FUN_0003071a,108,true
000307cc,FUN_000307cc,124,true
0003085c,FUN_0003085c,290,true
00030984,FUN_00030984,48,true
000309b4,FUN_000309b4,24,true
000309cc,FUN_000309cc,54,true
00030a02,FUN_00030a02,94,true
00030a60,FUN_00030a60,84,true
00030ab4,FUN_00030ab4,334,true
00030c3a,FUN_00030c3a,244,true
00030d34,FUN_00030d34,368,true
00030eaa,FUN_00030eaa,154,true
00030f4c,FUN_00030f4c,38,true
00030f72,FUN_00030f72,22,true
00030f88,FUN_00030f88,72,true
00030fd0,FUN_00030fd0,78,true
00031050,FUN_00031050,8,true
00031058,FUN_00031058,78,true
000310a6,FUN_000310a6,146,true
00031138,FUN_00031138,1568,true
0003178c,FUN_0003178c,768,true
00031a76,FUN_00031a76,48,true
00031aa6,FUN_00031aa6,110,true
00031b14,FUN_00031b14,46,true
00031b42,FUN_00031b42,72,true
00031b9c,FUN_00031b9c,86,true
00031bf2,FUN_00031bf2,118,true
00031cb0,FUN_00031cb0,126,true
00031d2e,FUN_00031d2e,180,true
00031de2,FUN_00031de2,140,true
00031eba,FUN_00031eba,140,true
00031fac,FUN_00031fac,142,true
00032038,FUN_00032038,76,true
00032084,FUN_00032084,140,true
0003215c,FUN_0003215c,140,true
00032302,FUN_00032302,86,true
00032358,FUN_00032358,114,true
00032412,FUN_00032412,190,true
000324d0,FUN_000324d0,70,true
00032516,FUN_00032516,98,true
00032578,FUN_00032578,80,true
000325c8,FUN_000325c8,56,true
00032770,FUN_00032770,36,true
00032794,FUN_00032794,32,true
000327b4,FUN_000327b4,62,true
000327f2,FUN_000327f2,48,true
00032822,FUN_00032822,92,true
00032890,FUN_00032890,40,true
000328b8,FUN_000328b8,22,true
000328d8,FUN_000328d8,52,true
00032918,FUN_00032918,146,true
000329b0,FUN_000329b0,2,true
000329b2,FUN_000329b2,20,true
000329c6,FUN_000329c6,38,true
000329ec,FUN_000329ec,38,true
00032a12,FUN_00032a12,140,true
00032aa0,FUN_00032aa0,210,true
00032b7c,FUN_00032b7c,80,true
00032bcc,FUN_00032bcc,370,true
00032d4c,FUN_00032d4c,574,true
00032fa0,FUN_00032fa0,302,true
000330d8,FUN_000330d8,64,true
00033118,FUN_00033118,170,true
000331c2,FUN_000331c2,198,true
00033288,FUN_00033288,62,true
000332c6,FUN_000332c6,100,true
0003332a,FUN_0003332a,82,true
0003337c,FUN_0003337c,136,true
00033404,FUN_00033404,104,true
0003346c,FUN_0003346c,52,true
000334a0,FUN_000334a0,90,true
000334fa,FUN_000334fa,104,true
00033562,FUN_00033562,56,true
0003359a,FUN_0003359a,60,true
000335d8,FUN_000335d8,388,true
00033764,FUN_00033764,92,true
000337c4,FUN_000337c4,82,true
00033820,FUN_00033820,94,true
00033884,FUN_00033884,318,true
000339d8,FUN_000339d8,60,true
00033a1c,FUN_00033a1c,22,true
00033a34,FUN_00033a34,94,true
00033a98,FUN_00033a98,46,true
00033acc,FUN_00033acc,68,true
00033b10,FUN_00033b10,42,true
00033b3a,FUN_00033b3a,54,true
00033b70,FUN_00033b70,34,true
00033b92,FUN_00033b92,4,true
00033b96,FUN_00033b96,4,true
00033b9c,FUN_00033b9c,4,true
00033bfc,FUN_00033bfc,130,true
00033c88,FUN_00033c88,60,true
00033cc4,FUN_00033cc4,606,true
00033f44,FUN_00033f44,44,true
00033f70,FUN_00033f70,48,true
00033fa0,FUN_00033fa0,182,true
00034090,FUN_00034090,10,true
0003409a,FUN_0003409a,40,true
000340c2,FUN_000340c2,150,true
00034158,FUN_00034158,358,true
000342c4,FUN_000342c4,20,true
000342dc,FUN_000342dc,4,true
000342e0,FUN_000342e0,80,true
00034330,FUN_00034330,94,true
00034390,FUN_00034390,478,true
00034578,FUN_00034578,130,true
000345fa,FUN_000345fa,2,true
000345fc,FUN_000345fc,4,true
00034600,FUN_00034600,56,true
00034638,FUN_00034638,188,true
000346f8,FUN_000346f8,10,true
00034704,FUN_00034704,160,true
000347a8,FUN_000347a8,2,true
000347aa,FUN_000347aa,4,true
000347ae,FUN_000347ae,80,true
00034800,FUN_00034800,174,true
000348b8,FUN_000348b8,42,true
000348e2,FUN_000348e2,132,true
00034966,FUN_00034966,16,true
00034976,FUN_00034976,48,true
000349a6,FUN_000349a6,44,true
000349d2,FUN_000349d2,48,true
00034a02,FUN_00034a02,48,true
00034a32,FUN_00034a32,54,true
00034a68,FUN_00034a68,50,true
00034a9c,FUN_00034a9c,122,true
00034b1c,FUN_00034b1c,64,true
00034b5c,FUN_00034b5c,44,true
00034b88,FUN_00034b88,44,true
00034bb4,FUN_00034bb4,20,true
00034d58,FUN_00034d58,44,true
00034d84,FUN_00034d84,22,true
00034d9a,FUN_00034d9a,4,true
00034d9e,FUN_00034d9e,6,true
00034dac,FUN_00034dac,182,true
00034e62,FUN_00034e62,74,true
00034f1e,FUN_00034f1e,168,true
00034fc6,FUN_00034fc6,140,true
00035052,FUN_00035052,98,true
000350e2,FUN_000350e2,68,true
00035126,FUN_00035126,46,true
000351c0,FUN_000351c0,108,true
00035264,FUN_00035264,1264,true
0003576c,FUN_0003576c,148,true
00035a04,FUN_00035a04,24,true
00035a1c,FUN_00035a1c,24,true
00035a38,FUN_00035a38,6,true
00035a3e,FUN_00035a3e,6,true
00035a44,FUN_00035a44,6,true
00035a4a,FUN_00035a4a,14,true
00035a58,FUN_00035a58,8,true
00035aba,FUN_00035aba,66,true
00035cc8,FUN_00035cc8,40,true
00035cf0,FUN_00035cf0,488,true
00035d28,FUN_00035d28,28,true
00036052,FUN_00036052,42,true
000360b8,FUN_000360b8,34,true
000360f4,FUN_000360f4,244,true
000361f0,FUN_000361f0,92,true
0003624c,FUN_0003624c,234,true
00036336,FUN_00036336,110,true
000363a6,FUN_000363a6,94,true
00036428,FUN_00036428,132,true
000364ac,FUN_000364ac,46,true
000364da,FUN_000364da,8,true
000364e2,FUN_000364e2,56,true
00036bb4,FUN_00036bb4,286,true
00036cd8,FUN_00036cd8,164,true
00036de2,FUN_00036de2,38,true
00036e08,FUN_00036e08,18,true
00036e1a,FUN_00036e1a,54,true
00036e50,FUN_00036e50,188,true
00036f14,FUN_00036f14,92,true
00036fc4,FUN_00036fc4,62,true
00037008,FUN_00037008,22,true
0003701e,FUN_0003701e,22,true
00037034,FUN_00037034,78,true
00037088,FUN_00037088,20,true
0003709c,FUN_0003709c,16,true
000370ac,FUN_000370ac,20,true
000370c0,FUN_000370c0,34,true
000370e2,FUN_000370e2,108,true
0003714e,FUN_0003714e,66,true
00037190,FUN_00037190,6,true
00037196,FUN_00037196,6,true
0003719c,FUN_0003719c,6,true
000371a2,FUN_000371a2,20,true
000371b6,FUN_000371b6,40,true
000371de,FUN_000371de,36,true
00037204,FUN_00037204,40,true
00037230,FUN_00037230,110,true
0003729e,FUN_0003729e,40,true
000372c6,FUN_000372c6,46,true
000372f4,FUN_000372f4,86,true
0003734a,FUN_0003734a,28,true
00037366,FUN_00037366,28,true
00037382,FUN_00037382,6,true
00037388,FUN_00037388,40,true
000373b0,FUN_000373b0,66,true
000373f2,FUN_000373f2,78,true
00037440,FUN_00037440,304,true
00037574,FUN_00037574,94,true
000375d4,FUN_000375d4,322,true
00037860,FUN_00037860,356,true
000379c8,FUN_000379c8,38,true
000379f0,FUN_000379f0,182,true
00037a60,FUN_00037a60,452,true
00038d76,FUN_00038d76,10,true
00038d80,FUN_00038d80,10,true
00038d8c,FUN_00038d8c,86,true
00038de8,FUN_00038de8,186,true
00038ea2,FUN_00038ea2,36,true
00038ec8,FUN_00038ec8,18,true
00038ee0,FUN_00038ee0,18,true
00038ef8,FUN_00038ef8,884,true
0003928c,FUN_0003928c,382,true
00039410,FUN_00039410,132,true
000394ba,FUN_000394ba,16,true
000394cc,FUN_000394cc,228,true
000395b8,FUN_000395b8,320,true
00039700,FUN_00039700,132,true
00039784,FUN_00039784,122,true
000397fe,FUN_000397fe,76,true
0003984a,FUN_0003984a,66,true
0003988c,FUN_0003988c,20,true
000398a0,FUN_000398a0,20,true
000398b4,FUN_000398b4,20,true
000398c8,FUN_000398c8,30,true
000398e6,FUN_000398e6,518,true
00039b32,FUN_00039b32,76,true
00039b80,FUN_00039b80,98,true
00039be8,FUN_00039be8,58,true
00039c22,FUN_00039c22,50,true
00039c54,FUN_00039c54,56,true
00039c8c,FUN_00039c8c,56,true
00039cc4,FUN_00039cc4,56,true
00039d04,FUN_00039d04,56,true
00039d3c,FUN_00039d3c,130,true
00039dc4,FUN_00039dc4,50,true
00039df6,FUN_00039df6,58,true
00039e30,FUN_00039e30,56,true
00039e68,FUN_00039e68,56,true
00039ea0,FUN_00039ea0,80,true
00039ef0,FUN_00039ef0,56,true
00039f28,FUN_00039f28,84,true
00039f7c,FUN_00039f7c,52,true
00039fb0,FUN_00039fb0,50,true
00039fe2,FUN_00039fe2,50,true
0003a014,FUN_0003a014,56,true
0003a04c,FUN_0003a04c,112,true
0003a0bc,FUN_0003a0bc,72,true
0003a104,FUN_0003a104,4,true
0003a364,FUN_0003a364,70,true
0003a414,FUN_0003a414,128,true
0003a53e,FUN_0003a53e,92,true
0003a5ce,FUN_0003a5ce,12,true
0003a5e0,FUN_0003a5e0,26,true
0003a618,FUN_0003a618,52,true
0003a64e,FUN_0003a64e,82,true
0003a6a0,FUN_0003a6a0,148,true
0003a734,FUN_0003a734,156,true
0003a7d0,FUN_0003a7d0,24,true
0003a800,FUN_0003a800,4,true
0003a804,FUN_0003a804,48,true
0003a834,FUN_0003a834,44,true
0003a860,FUN_0003a860,246,true
0003aa04,FUN_0003aa04,162,true
0003aa5a,FUN_0003aa5a,12,true
0003aa8e,FUN_0003aa8e,34,true
0003aab0,FUN_0003aab0,72,true
0003aaf8,FUN_0003aaf8,6,true
0003ab4e,FUN_0003ab4e,42,true
0003ab78,thunk_FUN_000b4416,4,true
0003ab7c,FUN_0003ab7c,70,true
0003abc2,FUN_0003abc2,24,true
0003abda,FUN_0003abda,80,true
0003ac2a,FUN_0003ac2a,104,true
0003ac92,FUN_0003ac92,98,true
0003acf4,FUN_0003acf4,86,true
0003ad4a,FUN_0003ad4a,60,true
0003ad86,FUN_0003ad86,36,true
0003adac,FUN_0003adac,132,true
0003ae30,FUN_0003ae30,244,true
0003ae38,thunk_FUN_000b4830,4,true
0003ae3c,thunk_FUN_00036428,4,true
0003ae40,FUN_0003ae40,10,true
0003ae4a,thunk_FUN_000c8a70,4,true
0003ae4e,FUN_0003ae4e,72,true
0003ae96,thunk_FUN_000d6054,4,true
0003ae9a,thunk_FUN_000c8ac8,4,true
0003ae9e,FUN_0003ae9e,56,true
0003aed6,FUN_0003aed6,64,true
0003af16,FUN_0003af16,66,true
0003af7a,FUN_0003af7a,22,true
0003af90,FUN_0003af90,60,true
0003afe0,FUN_0003afe0,68,true
0003b006,FUN_0003b006,8,true
0003b03a,FUN_0003b03a,256,true
0003b13a,FUN_0003b13a,202,true
0003b204,FUN_0003b204,16,true
0003b214,FUN_0003b214,56,true
0003b24c,FUN_0003b24c,492,true
0003b4c2,FUN_0003b4c2,198,true
0003b588,FUN_0003b588,68,true
0003b5cc,FUN_0003b5cc,6,true
0003b5d2,FUN_0003b5d2,6,true
0003b5d8,FUN_0003b5d8,6,true
0003b5e2,FUN_0003b5e2,6,true
0003b5e8,FUN_0003b5e8,6,true
0003b5ee,FUN_0003b5ee,6,true
0003b5f4,FUN_0003b5f4,6,true
0003b5fa,FUN_0003b5fa,6,true
0003b600,FUN_0003b600,8,true
0003b608,FUN_0003b608,186,true
0003b724,FUN_0003b724,80,true
0003b774,FUN_0003b774,80,true
0003b7c4,FUN_0003b7c4,86,true
0003b81a,FUN_0003b81a,154,true
0003b8b4,FUN_0003b8b4,154,true
0003b980,FUN_0003b980,208,true
0003ba50,FUN_0003ba50,182,true
0003bb06,FUN_0003bb06,50,true
0003bb38,FUN_0003bb38,38,true
0003bb5e,FUN_0003bb5e,184,true
0003bc16,FUN_0003bc16,46,true
0003bc44,FUN_0003bc44,38,true
0003bc6a,FUN_0003bc6a,44,true
0003bc96,FUN_0003bc96,38,true
0003bcbc,FUN_0003bcbc,44,true
0003bce8,FUN_0003bce8,38,true
0003bd0e,FUN_0003bd0e,44,true
0003bd3a,FUN_0003bd3a,38,true
0003bd60,FUN_0003bd60,40,true
0003bd88,FUN_0003bd88,184,true
0003c0c8,FUN_0003c0c8,36,true
0003c0ec,FUN_0003c0ec,36,true
0003c1a6,FUN_0003c1a6,34,true
0003c23c,FUN_0003c23c,74,true
0003c286,FUN_0003c286,94,true
0003c2e4,FUN_0003c2e4,74,true
0003c32e,FUN_0003c32e,94,true
0003c38c,FUN_0003c38c,100,true
0003c3f0,FUN_0003c3f0,102,true
0003c456,FUN_0003c456,122,true
0003c4d0,FUN_0003c4d0,102,true
0003c5ca,FUN_0003c5ca,42,true
0003c5f4,FUN_0003c5f4,98,true
0003c656,FUN_0003c656,188,true
0003cb4c,FUN_0003cb4c,58,true
0003cb86,thunk_FUN_0003cb4c,2,true
0003cb88,thunk_FUN_00046dcc,4,true
0003cb94,FUN_0003cb94,34,true
0003cbb6,thunk_FUN_0003cb94,2,true
0003cbb8,thunk_FUN_00046b74,4,true
0003cbc0,FUN_0003cbc0,34,true
0003cbe2,thunk_FUN_0003cbc0,2,true
0003cbe4,thunk_FUN_00046ca0,4,true
0003cc26,thunk_FUN_0004c02c,4,true
0003cc34,FUN_0003cc34,34,true
0003cc56,thunk_FUN_0003cc34,2,true
0003cc58,thunk_FUN_00046a48,4,true
0003cc94,FUN_0003cc94,6,true
0003cc9a,thunk_FUN_0004c02c,4,true
0003cccc,thunk_FUN_0004be14,4,true
0003cd44,thunk_FUN_0004bf20,4,true
0003cdc2,FUN_0003cdc2,232,true
0003ceac,FUN_0003ceac,212,true
0003cf80,FUN_0003cf80,166,true
0003d026,FUN_0003d026,60,true
0003d062,FUN_0003d062,40,true
0003d08a,FUN_0003d08a,122,true
0003d138,FUN_0003d138,6,true
0003d1ae,FUN_0003d1ae,8,true
0003d270,FUN_0003d270,20,true
0003d2f6,FUN_0003d2f6,60,true
0003d332,FUN_0003d332,22,true
0003d354,FUN_0003d354,800,true
0003d674,FUN_0003d674,836,true
0003d9b8,FUN_0003d9b8,60,true
0003d9f4,FUN_0003d9f4,146,true
0003dab4,FUN_0003dab4,344,true
0003dc0c,FUN_0003dc0c,364,true
0003dd78,FUN_0003dd78,238,true
0003ddb4,FUN_0003ddb4,230,true
0003dee8,FUN_0003dee8,58,true
0003df22,FUN_0003df22,38,true
0003df48,FUN_0003df48,54,true
0003df98,FUN_0003df98,16,true
0003dfa8,FUN_0003dfa8,176,true
0003dff0,FUN_0003dff0,30,true
0003e010,FUN_0003e010,696,true
0003e424,FUN_0003e424,42,true
0003e44e,FUN_0003e44e,66,true
0003e490,FUN_0003e490,114,true
0003e502,FUN_0003e502,8,true
0003e50a,FUN_0003e50a,48,true
0003e53c,FUN_0003e53c,128,true
0003e5c4,FUN_0003e5c4,62,true
0003e608,FUN_0003e608,40,true
0003e630,FUN_0003e630,42,true
0003e65c,FUN_0003e65c,66,true
0003e6a4,FUN_0003e6a4,136,true
0003e730,FUN_0003e730,70,true
0003e77c,FUN_0003e77c,52,true
0003e7b0,FUN_0003e7b0,62,true
0003e7ee,FUN_0003e7ee,20,true
0003e802,FUN_0003e802,54,true
0003e838,FUN_0003e838,46,true
0003e866,FUN_0003e866,60,true
0003e8a2,FUN_0003e8a2,22,true
0003e8b8,FUN_0003e8b8,56,true
0003e8f0,FUN_0003e8f0,234,true
0003e9dc,FUN_0003e9dc,68,true
0003ea24,FUN_0003ea24,22,true
0003ea3c,FUN_0003ea3c,156,true
0003eaf0,FUN_0003eaf0,20,true
0003eb04,FUN_0003eb04,20,true
0003eb18,FUN_0003eb18,30,true
0003eb36,FUN_0003eb36,42,true
0003eb60,FUN_0003eb60,84,true
0003ebb4,FUN_0003ebb4,60,true
0003ebf0,FUN_0003ebf0,50,true
0003ec22,FUN_0003ec22,68,true
0003ec98,FUN_0003ec98,52,true
0003eccc,FUN_0003eccc,62,true
0003ed0a,FUN_0003ed0a,28,true
0003ed26,FUN_0003ed26,42,true
0003ed50,FUN_0003ed50,6,true
0003ed56,FUN_0003ed56,38,true
0003ed7c,FUN_0003ed7c,6,true
0003ed82,FUN_0003ed82,36,true
0003eda6,FUN_0003eda6,28,true
0003edc2,FUN_0003edc2,34,true
0003ede4,FUN_0003ede4,186,true
0003ef22,FUN_0003ef22,156,true
0003efbe,FUN_0003efbe,138,true
0003f0d4,FUN_0003f0d4,58,true
0003f15a,FUN_0003f15a,482,true
0003f344,FUN_0003f344,86,true
0003f380,FUN_0003f380,36,true
0003f3a4,FUN_0003f3a4,18,true
0003f3b6,FUN_0003f3b6,60,true
0003f3f2,FUN_0003f3f2,116,true
0003f466,FUN_0003f466,132,true
0003f4ea,FUN_0003f4ea,236,true
0003f5d6,FUN_0003f5d6,70,true
0003f61c,FUN_0003f61c,320,true
0003f75c,FUN_0003f75c,242,true
0003f84e,FUN_0003f84e,216,true
0003f8f2,FUN_0003f8f2,136,true
0003f97a,FUN_0003f97a,164,true
0003fa24,FUN_0003fa24,788,true
0003fd4c,FUN_0003fd4c,10,true
0003fd58,FUN_0003fd58,114,true
0003fdd0,FUN_0003fdd0,172,true
0003fe7c,FUN_0003fe7c,68,true
0003fec0,FUN_0003fec0,16,true
0003fed0,FUN_0003fed0,20,true
0003fee4,FUN_0003fee4,20,true
0003fef8,FUN_0003fef8,68,true
0003ff3c,FUN_0003ff3c,20,true
0003ff50,FUN_0003ff50,20,true
0003ff64,FUN_0003ff64,146,true
0003fff6,FUN_0003fff6,46,true
00040024,FUN_00040024,44,true
00040050,FUN_00040050,116,true
000400c8,FUN_000400c8,44,true
000400f4,FUN_000400f4,58,true
00040130,FUN_00040130,56,true
00040170,FUN_00040170,50,true
000401a2,FUN_000401a2,58,true
000401dc,FUN_000401dc,46,true
0004020a,FUN_0004020a,46,true
00040238,FUN_00040238,42,true
00040264,FUN_00040264,50,true
000402a8,FUN_000402a8,34,true
000402d8,FUN_000402d8,22,true
000402f8,FUN_000402f8,10,true
00040302,FUN_00040302,62,true
00040344,FUN_00040344,6,true
000403ba,FUN_000403ba,8,true
000403c6,FUN_000403c6,10,true
0004041a,FUN_0004041a,10,true
000404ce,FUN_000404ce,50,true
00040624,FUN_00040624,242,true
00040716,FUN_00040716,22,true
0004074c,FUN_0004074c,30,true
00040776,thunk_FUN_000b01b4,4,true
0004077a,thunk_FUN_000b01d0,4,true
0004077e,FUN_0004077e,24,true
00040796,FUN_00040796,14,true
000407a4,FUN_000407a4,32,true
000407c8,FUN_000407c8,4,true
000407ee,FUN_000407ee,26,true
00040808,FUN_00040808,12,true
00040884,thunk_FUN_00098ac4,4,true
00040888,FUN_00040888,30,true
000408ce,FUN_000408ce,18,true
000408e0,FUN_000408e0,56,true
00040918,FUN_00040918,38,true
0004094c,FUN_0004094c,122,true
000409c6,FUN_000409c6,20,true
000409da,FUN_000409da,62,true
00040a18,FUN_00040a18,40,true
00040b8c,FUN_00040b8c,56,true
00040c0a,FUN_00040c0a,58,true
00040c40,FUN_00040c40,100,true
00040dd2,FUN_00040dd2,102,true
00040e38,FUN_00040e38,176,true
00040f30,FUN_00040f30,48,true
00040f60,FUN_00040f60,74,true
00040faa,FUN_00040faa,62,true
00040fe8,FUN_00040fe8,56,true
00041030,FUN_00041030,8,true
00041040,FUN_00041040,64,true
00041080,FUN_00041080,54,true
000410b6,FUN_000410b6,112,true
00041126,FUN_00041126,48,true
0004115a,FUN_0004115a,52,true
0004118e,FUN_0004118e,34,true
0004136e,FUN_0004136e,510,true
000413ae,FUN_000413ae,94,true
00041424,FUN_00041424,34,true
00041446,FUN_00041446,90,true
000414c8,FUN_000414c8,36,true
000414ec,FUN_000414ec,32,true
00041522,FUN_00041522,38,true
00041548,FUN_00041548,26,true
00041562,FUN_00041562,102,true
000415ec,thunk_FUN_000a3e3c,4,true
000415f0,FUN_000415f0,64,true
00041630,thunk_FUN_000a4082,4,true
00041634,thunk_FUN_000a40da,4,true
00041638,thunk_FUN_000a4088,4,true
0004163c,thunk_FUN_000a4090,4,true
00041640,FUN_00041640,16,true
00041656,FUN_00041656,16,true
0004165c,FUN_0004165c,102,true
000417d4,FUN_000417d4,40,true
000417fc,FUN_000417fc,172,true
000418a8,FUN_000418a8,294,true
000419ce,FUN_000419ce,378,true
00041b72,FUN_00041b72,36,true
00041ba4,FUN_00041ba4,34,true
00041bc8,FUN_00041bc8,14,true
00041bd6,FUN_00041bd6,54,true
00041c0e,FUN_00041c0e,16,true
00041c1e,FUN_00041c1e,54,true
00041c54,FUN_00041c54,22,true
00041c6a,FUN_00041c6a,58,true
00041ca4,FUN_00041ca4,22,true
00041cba,FUN_00041cba,120,true
00041d34,FUN_00041d34,14,true
00041d42,FUN_00041d42,164,true
00041de6,FUN_00041de6,14,true
00041df4,FUN_00041df4,96,true
00041e56,FUN_00041e56,14,true
00041e64,FUN_00041e64,104,true
00041eda,FUN_00041eda,22,true
00041ef0,FUN_00041ef0,14,true
00041efe,FUN_00041efe,22,true
00041f22,FUN_00041f22,22,true
00041f3c,FUN_00041f3c,14,true
00041f4a,FUN_00041f4a,22,true
00041f6e,FUN_00041f6e,94,true
00041fcc,FUN_00041fcc,14,true
00041fda,FUN_00041fda,104,true
0004204e,FUN_0004204e,108,true
000420bc,FUN_000420bc,14,true
000420ca,FUN_000420ca,50,true
0004238a,FUN_0004238a,308,true
000424c8,FUN_000424c8,34,true
000424ea,FUN_000424ea,304,true
0004261c,FUN_0004261c,32,true
00042848,FUN_00042848,6,true
0004284e,FUN_0004284e,6,true
00042854,FUN_00042854,6,true
0004285a,FUN_0004285a,104,true
000428c2,FUN_000428c2,106,true
0004292c,FUN_0004292c,366,true
00042a9a,FUN_00042a9a,28,true
00042ab6,FUN_00042ab6,104,true
00042b1e,FUN_00042b1e,90,true
00042b78,FUN_00042b78,84,true
00042bcc,FUN_00042bcc,56,true
00042c04,FUN_00042c04,32,true
00042c34,FUN_00042c34,178,true
00042ce6,FUN_00042ce6,78,true
00042d9a,FUN_00042d9a,44,true
00042dc6,FUN_00042dc6,42,true
00042df0,FUN_00042df0,36,true
00042e14,FUN_00042e14,20,true
00042e28,FUN_00042e28,122,true
00042ea2,FUN_00042ea2,178,true
00042f54,FUN_00042f54,164,true
00042ff8,FUN_00042ff8,146,true
000430a4,FUN_000430a4,50,true
000430d6,FUN_000430d6,48,true
00043106,FUN_00043106,48,true
00043136,FUN_00043136,134,true
000431cc,FUN_000431cc,50,true
0004325c,FUN_0004325c,50,true
0004328e,FUN_0004328e,386,true
00043584,FUN_00043584,472,true
0004358a,FUN_0004358a,86,true
00043a1e,FUN_00043a1e,142,true
00043b38,FUN_00043b38,10,true
00043b42,FUN_00043b42,34,true
00043b64,FUN_00043b64,44,true
00043b96,FUN_00043b96,6,true
00043b9c,FUN_00043b9c,198,true
00043c62,FUN_00043c62,412,true
00043dfe,FUN_00043dfe,180,true
00043eb2,FUN_00043eb2,508,true
000440bc,FUN_000440bc,496,true
000442ac,FUN_000442ac,566,true
000444ee,FUN_000444ee,34,true
00044510,FUN_00044510,182,true
000445c6,FUN_000445c6,132,true
0004464a,FUN_0004464a,164,true
000446f8,FUN_000446f8,32,true
0004479c,FUN_0004479c,186,true
000448ac,FUN_000448ac,148,true
000448ec,FUN_000448ec,66,true
000449b2,FUN_000449b2,66,true
000449f4,FUN_000449f4,66,true
00044a36,FUN_00044a36,74,true
00044b92,FUN_00044b92,142,true
00044c24,FUN_00044c24,8,true
00044c2c,FUN_00044c2c,8,true
00044c3c,FUN_00044c3c,46,true
00044c7c,FUN_00044c7c,160,true
00044d34,FUN_00044d34,80,true
00044f5c,FUN_00044f5c,4,true
00044f64,FUN_00044f64,170,true
00044f78,FUN_00044f78,78,true
00044fcc,FUN_00044fcc,30,true
00044fea,FUN_00044fea,28,true
00045006,FUN_00045006,64,true
0004504e,FUN_0004504e,24,true
00045066,FUN_00045066,20,true
0004507a,FUN_0004507a,246,true
00045170,FUN_00045170,46,true
0004519e,FUN_0004519e,20,true
000451b2,FUN_000451b2,72,true
000451fa,FUN_000451fa,82,true
0004524c,FUN_0004524c,48,true
0004527c,FUN_0004527c,120,true
000452f4,FUN_000452f4,112,true
00045364,FUN_00045364,26,true
0004537e,FUN_0004537e,22,true
00045394,FUN_00045394,174,true
00045442,FUN_00045442,204,true
00045510,FUN_00045510,16,true
00045568,FUN_00045568,92,true
000455c8,FUN_000455c8,156,true
00045668,FUN_00045668,38,true
0004568e,FUN_0004568e,120,true
00045708,FUN_00045708,516,true
00045914,FUN_00045914,382,true
00045a98,FUN_00045a98,290,true
00045bc4,FUN_00045bc4,144,true
00045c54,FUN_00045c54,122,true
00045cce,FUN_00045cce,136,true
00045d56,FUN_00045d56,128,true
00045dd6,FUN_00045dd6,162,true
00045e78,FUN_00045e78,198,true
00045f3e,FUN_00045f3e,156,true
00045fda,FUN_00045fda,30,true
00045ff8,FUN_00045ff8,46,true
00046026,FUN_00046026,22,true
0004603c,FUN_0004603c,580,true
00046280,FUN_00046280,20,true
00046294,FUN_00046294,20,true
000462a8,FUN_000462a8,218,true
00046388,FUN_00046388,52,true
0004652e,FUN_0004652e,52,true
00046562,FUN_00046562,44,true
00046590,FUN_00046590,152,true
0004662c,FUN_0004662c,56,true
00046698,FUN_00046698,46,true
000466c6,FUN_000466c6,44,true
000466f2,FUN_000466f2,112,true
00046764,FUN_00046764,280,true
000468b4,FUN_000468b4,364,true
00046a48,FUN_00046a48,296,true
00046b74,FUN_00046b74,296,true
00046ca0,FUN_00046ca0,296,true
00046dcc,FUN_00046dcc,434,true
00046fb8,FUN_00046fb8,6,true
00046fcc,FUN_00046fcc,18,true
0004709a,FUN_0004709a,46,true
000470c8,FUN_000470c8,38,true
000470ee,FUN_000470ee,30,true
0004710c,FUN_0004710c,24,true
00047150,FUN_00047150,18,true
0004719a,FUN_0004719a,10,true
0004730a,FUN_0004730a,56,true
000473a2,FUN_000473a2,24,true
000473e0,FUN_000473e0,132,true
00047464,FUN_00047464,188,true
0004765c,FUN_0004765c,32,true
0004767c,FUN_0004767c,44,true
000476a8,FUN_000476a8,98,true
00047798,FUN_00047798,80,true
000477e8,FUN_000477e8,14,true
00047874,FUN_00047874,170,true
0004791e,FUN_0004791e,92,true
0004797a,FUN_0004797a,100,true
00047a78,FUN_00047a78,68,true
00047a8c,FUN_00047a8c,70,true
00047c8c,FUN_00047c8c,12,true
00047d14,FUN_00047d14,22,true
00047d58,FUN_00047d58,48,true
00047d88,FUN_00047d88,34,true
00047daa,FUN_00047daa,20,true
00047dbe,FUN_00047dbe,154,true
00047e9a,FUN_00047e9a,54,true
00047f44,FUN_00047f44,6,true
00047f58,FUN_00047f58,18,true
00047fb6,FUN_00047fb6,18,true
0004801a,FUN_0004801a,34,true
0004803c,FUN_0004803c,6,true
00048042,FUN_00048042,98,true
00048048,FUN_00048048,20,true
000480a8,FUN_000480a8,28,true
00048100,FUN_00048100,6,true
00048172,FUN_00048172,4,true
00048176,FUN_00048176,8,true
00048186,FUN_00048186,20,true
0004819a,FUN_0004819a,44,true
000481ce,FUN_000481ce,138,true
0004825c,FUN_0004825c,24,true
00048274,FUN_00048274,24,true
000482a4,FUN_000482a4,702,true
0004857c,FUN_0004857c,62,true
000485ba,FUN_000485ba,98,true
00048636,FUN_00048636,10,true
0004863c,FUN_0004863c,46,true
00048690,FUN_00048690,34,true
000486d2,FUN_000486d2,28,true
0004871c,FUN_0004871c,6,true
00048730,FUN_00048730,18,true
0004878e,FUN_0004878e,16,true
0004879e,FUN_0004879e,10,true
000487a8,FUN_000487a8,32,true
000487c8,FUN_000487c8,8,true
000487d0,FUN_000487d0,6,true
000487ea,FUN_000487ea,18,true
000487fc,FUN_000487fc,196,true
000488c0,FUN_000488c0,414,true
00048a5e,FUN_00048a5e,222,true
00048b44,FUN_00048b44,98,true
00048bfe,FUN_00048bfe,404,true
00048d92,FUN_00048d92,312,true
00048eca,FUN_00048eca,202,true
00048fb0,FUN_00048fb0,216,true
00049088,FUN_00049088,260,true
0004918c,FUN_0004918c,486,true
00049372,FUN_00049372,550,true
000495ac,FUN_000495ac,54,true
000495e2,FUN_000495e2,102,true
00049648,FUN_00049648,116,true
000496d0,FUN_000496d0,30,true
000496ee,FUN_000496ee,184,true
000497a6,FUN_000497a6,118,true
0004981c,FUN_0004981c,366,true
0004998a,FUN_0004998a,8,true
00049992,FUN_00049992,138,true
00049ac0,FUN_00049ac0,290,true
00049ade,FUN_00049ade,6,true
00049ae4,FUN_00049ae4,126,true
00049b64,FUN_00049b64,10,true
00049bba,FUN_00049bba,98,true
00049c50,FUN_00049c50,14,true
00049c5e,FUN_00049c5e,52,true
00049eec,FUN_00049eec,948,true
00049f36,FUN_00049f36,6,true
00049f3c,FUN_00049f3c,6,true
00049f42,FUN_00049f42,6,true
00049f48,FUN_00049f48,160,true
0004a10a,FUN_0004a10a,122,true
0004a188,FUN_0004a188,10,true
0004a192,FUN_0004a192,8,true
0004a19a,FUN_0004a19a,8,true
0004a1a2,FUN_0004a1a2,24,true
0004a1ba,FUN_0004a1ba,18,true
0004a1cc,FUN_0004a1cc,658,true
0004a468,FUN_0004a468,2,true
0004a46a,FUN_0004a46a,32,true
0004a48a,FUN_0004a48a,482,true
0004a66c,FUN_0004a66c,296,true
0004a794,FUN_0004a794,132,true
0004a818,FUN_0004a818,52,true
0004a868,FUN_0004a868,242,true
0004a95c,FUN_0004a95c,92,true
0004aa74,FUN_0004aa74,192,true
0004aa78,FUN_0004aa78,508,true
0004ac74,FUN_0004ac74,136,true
0004ad3a,FUN_0004ad3a,228,true
0004aea0,FUN_0004aea0,22,true
0004aed2,FUN_0004aed2,192,true
0004af92,FUN_0004af92,354,true
0004b0f8,FUN_0004b0f8,80,true
0004b148,FUN_0004b148,124,true
0004b1c4,FUN_0004b1c4,66,true
0004b206,FUN_0004b206,522,true
0004b410,FUN_0004b410,198,true
0004b4e4,FUN_0004b4e4,12,true
0004b4f0,FUN_0004b4f0,92,true
0004b54c,FUN_0004b54c,14,true
0004b55a,FUN_0004b55a,152,true
0004b5f2,FUN_0004b5f2,68,true
0004b636,FUN_0004b636,30,true
0004b654,FUN_0004b654,20,true
0004b668,FUN_0004b668,30,true
0004b686,FUN_0004b686,34,true
0004b6a8,FUN_0004b6a8,164,true
0004b74c,FUN_0004b74c,6,true
0004b752,FUN_0004b752,130,true
0004b7d4,FUN_0004b7d4,200,true
0004b8a0,FUN_0004b8a0,144,true
0004b930,FUN_0004b930,56,true
0004b968,FUN_0004b968,318,true
0004bacc,FUN_0004bacc,18,true
0004bade,FUN_0004bade,20,true
0004baf2,FUN_0004baf2,32,true
0004bb12,FUN_0004bb12,30,true
0004bb30,FUN_0004bb30,48,true
0004bb60,FUN_0004bb60,114,true
0004bbd2,FUN_0004bbd2,26,true
0004bc58,FUN_0004bc58,316,true
0004bdac,FUN_0004bdac,12,true
0004bdb8,FUN_0004bdb8,4,true
0004bdbc,FUN_0004bdbc,32,true
0004bddc,FUN_0004bddc,4,true
0004bde0,FUN_0004bde0,4,true
0004bdf6,FUN_0004bdf6,8,true
0004bdfe,FUN_0004bdfe,20,true
0004be14,FUN_0004be14,264,true
0004bf20,FUN_0004bf20,264,true
0004c02c,FUN_0004c02c,420,true
0004c38c,FUN_0004c38c,290,true
0004c480,FUN_0004c480,4,true
0004c484,FUN_0004c484,14,true
0004c492,FUN_0004c492,64,true
0004c4d2,FUN_0004c4d2,12,true
0004c4de,FUN_0004c4de,6,true
0004c4e4,FUN_0004c4e4,6,true
0004c530,FUN_0004c530,86,true
0004c5c4,FUN_0004c5c4,76,true
0004c610,FUN_0004c610,26,true
0004c62a,FUN_0004c62a,32,true
0004c690,FUN_0004c690,114,true
0004c6bc,FUN_0004c6bc,60,true
0004c6f8,FUN_0004c6f8,150,true
0004c80c,FUN_0004c80c,480,true
0004ca22,FUN_0004ca22,76,true
0004ca6e,FUN_0004ca6e,84,true
0004cac2,FUN_0004cac2,50,true
0004caf4,FUN_0004caf4,78,true
0004cb84,FUN_0004cb84,24,true
0004cbd6,FUN_0004cbd6,114,true
0004cc48,FUN_0004cc48,60,true
0004cca8,FUN_0004cca8,108,true
0004cd14,FUN_0004cd14,94,true
0004cd98,FUN_0004cd98,6,true
0004cd9e,FUN_0004cd9e,22,true
0004cdb4,FUN_0004cdb4,134,true
0004ce3a,FUN_0004ce3a,64,true
0004ce7a,FUN_0004ce7a,22,true
0004ce90,FUN_0004ce90,102,true
0004cef6,FUN_0004cef6,72,true
0004cf3e,FUN_0004cf3e,18,true
0004cf50,FUN_0004cf50,30,true
0004cf6e,FUN_0004cf6e,62,true
0004cfae,FUN_0004cfae,78,true
0004d020,FUN_0004d020,18,true
0004d032,FUN_0004d032,138,true
0004d0c6,FUN_0004d0c6,34,true
0004d0e8,FUN_0004d0e8,148,true
0004d184,FUN_0004d184,38,true
0004d1aa,FUN_0004d1aa,4,true
0004d1ae,FUN_0004d1ae,6,true
0004d1b4,FUN_0004d1b4,6,true
0004d1ba,FUN_0004d1ba,6,true
0004d1c0,FUN_0004d1c0,74,true
0004d1ee,FUN_0004d1ee,22,true
0004d204,FUN_0004d204,34,true
0004d226,FUN_0004d226,54,true
0004d234,FUN_0004d234,44,true
0004d260,FUN_0004d260,46,true
0004d28e,FUN_0004d28e,64,true
0004d2ce,FUN_0004d2ce,50,true
0004d300,FUN_0004d300,62,true
0004d332,FUN_0004d332,62,true
0004d3c6,FUN_0004d3c6,96,true
0004d434,FUN_0004d434,28,true
0004d450,FUN_0004d450,54,true
0004d486,FUN_0004d486,52,true
0004d4ba,FUN_0004d4ba,48,true
0004d51a,FUN_0004d51a,64,true
0004d55a,FUN_0004d55a,62,true
0004d598,FUN_0004d598,62,true
0004d61c,FUN_0004d61c,478,true
0004d7fa,FUN_0004d7fa,134,true
0004d880,FUN_0004d880,44,true
0004d8b0,FUN_0004d8b0,108,true
0004d91c,FUN_0004d91c,122,true
0004d99c,FUN_0004d99c,56,true
0004d9d4,FUN_0004d9d4,48,true
0004da04,FUN_0004da04,22,true
0004da1a,FUN_0004da1a,108,true
0004da88,FUN_0004da88,460,true
0004dc58,FUN_0004dc58,20,true
0004dc6c,FUN_0004dc6c,20,true
0004dc80,FUN_0004dc80,76,true
0004dccc,FUN_0004dccc,20,true
0004dce0,FUN_0004dce0,20,true
0004dcf4,FUN_0004dcf4,174,true
0004dda8,FUN_0004dda8,50,true
0004dde4,FUN_0004dde4,38,true
0004de0c,FUN_0004de0c,10,true
0004de1c,FUN_0004de1c,34,true
0004de44,FUN_0004de44,12,true
0004de50,FUN_0004de50,298,true
0004e0c0,FUN_0004e0c0,4,true
0004e0c4,FUN_0004e0c4,8,true
0004e0cc,FUN_0004e0cc,78,true
0004e1ac,FUN_0004e1ac,116,true
0004e222,FUN_0004e222,544,true
0004e448,FUN_0004e448,190,true
0004e522,FUN_0004e522,150,true
0004e5b8,FUN_0004e5b8,6,true
0004e5be,FUN_0004e5be,90,true
0004e78a,FUN_0004e78a,36,true
0004e8b4,FUN_0004e8b4,30,true
0004e914,FUN_0004e914,4,true
0004e918,FUN_0004e918,8,true
0004e9b2,FUN_0004e9b2,186,true
0004ea6c,FUN_0004ea6c,140,true
0004eb20,FUN_0004eb20,64,true
0004ebbc,FUN_0004ebbc,4,true
0004ebc0,FUN_0004ebc0,8,true
0004ec7a,FUN_0004ec7a,58,true
0004ecb6,FUN_0004ecb6,52,true
0004ecea,FUN_0004ecea,96,true
0004ed4a,FUN_0004ed4a,46,true
0004ed8a,FUN_0004ed8a,60,true
0004edc6,FUN_0004edc6,236,true
0004eeb2,FUN_0004eeb2,182,true
0004ef68,FUN_0004ef68,138,true
0004eff2,FUN_0004eff2,168,true
0004f0be,FUN_0004f0be,8,true
0004f0c6,FUN_0004f0c6,16,true
0004f0d6,FUN_0004f0d6,130,true
0004f158,FUN_0004f158,132,true
0004f1dc,FUN_0004f1dc,94,true
0004f23a,FUN_0004f23a,30,true
0004f258,FUN_0004f258,104,true
0004f2c0,FUN_0004f2c0,120,true
0004f34c,FUN_0004f34c,168,true
0004f3f4,FUN_0004f3f4,78,true
0004f468,FUN_0004f468,20,true
0004f47c,FUN_0004f47c,40,true
0004f4a4,FUN_0004f4a4,4,true
0004f4a8,FUN_0004f4a8,48,true
0004f4d8,FUN_0004f4d8,64,true
0004f53a,FUN_0004f53a,40,true
0004f674,FUN_0004f674,18,true
0004f68e,FUN_0004f68e,76,true
0004f6da,FUN_0004f6da,68,true
0004f71e,FUN_0004f71e,140,true
0004f7aa,FUN_0004f7aa,116,true
0004f81e,FUN_0004f81e,16,true
0004f82e,FUN_0004f82e,320,true
0004f96e,FUN_0004f96e,78,true
0004f9bc,FUN_0004f9bc,290,true
0004faf2,FUN_0004faf2,118,true
0004fb68,FUN_0004fb68,66,true
0004fbaa,FUN_0004fbaa,258,true
0004fcac,FUN_0004fcac,36,true
0004fcd0,FUN_0004fcd0,40,true
0004fcf8,FUN_0004fcf8,36,true
0004fd1c,FUN_0004fd1c,8,true
0004fd2c,FUN_0004fd2c,20,true
0004fd40,FUN_0004fd40,10,true
0004fd4a,FUN_0004fd4a,10,true
0004fd54,FUN_0004fd54,330,true
0004feb8,FUN_0004feb8,210,true
0004ff8c,FUN_0004ff8c,14,true
000500f8,FUN_000500f8,6,true
00050104,FUN_00050104,38,true
0005015c,FUN_0005015c,56,true
00050194,FUN_00050194,18,true
000501a6,FUN_000501a6,20,true
000501ba,FUN_000501ba,348,true
0005031a,FUN_0005031a,46,true
00050390,FUN_00050390,4,true
00050394,FUN_00050394,42,true
000503be,FUN_000503be,118,true
00050434,FUN_00050434,6,true
0005043a,FUN_0005043a,6,true
0005058e,FUN_0005058e,60,true
000505ca,FUN_000505ca,54,true
00050600,FUN_00050600,106,true
0005066a,FUN_0005066a,60,true
000506ae,FUN_000506ae,152,true
00050746,FUN_00050746,42,true
00050776,FUN_00050776,242,true
00050868,FUN_00050868,402,true
000508a6,FUN_000508a6,24,true
000508ee,FUN_000508ee,62,true
00050930,FUN_00050930,44,true
00050986,FUN_00050986,38,true
00050a5a,FUN_00050a5a,268,true
00050b66,FUN_00050b66,88,true
00050bbe,FUN_00050bbe,120,true
00050c88,FUN_00050c88,198,true
00050d4e,FUN_00050d4e,156,true
00050dea,FUN_00050dea,492,true
00050fe8,FUN_00050fe8,38,true
0005100e,FUN_0005100e,48,true
0005103e,FUN_0005103e,30,true
0005105c,FUN_0005105c,4,true
00051064,FUN_00051064,66,true
000510a6,FUN_000510a6,46,true
000511b0,FUN_000511b0,6,true
000511c4,FUN_000511c4,18,true
00051222,FUN_00051222,6,true
00051228,thunk_FUN_000b01d0,4,true
000512bc,FUN_000512bc,70,true
00051360,FUN_00051360,22,true
00051378,FUN_00051378,64,true
000513b8,FUN_000513b8,6,true
000513be,FUN_000513be,152,true
00051604,FUN_00051604,234,true
000516ee,FUN_000516ee,358,true
00051808,FUN_00051808,118,true
00051838,FUN_00051838,212,true
0005192c,FUN_0005192c,368,true
00051a9c,FUN_00051a9c,164,true
00051b40,FUN_00051b40,172,true
00051c24,FUN_00051c24,14,true
00051c34,FUN_00051c34,8,true
00051c74,FUN_00051c74,4,true
00051c78,FUN_00051c78,226,true
00051dd2,FUN_00051dd2,28,true
00051dee,FUN_00051dee,48,true
00051fe0,FUN_00051fe0,76,true
0005202e,FUN_0005202e,8,true
00052036,FUN_00052036,8,true
0005203e,FUN_0005203e,8,true
00052046,FUN_00052046,8,true
0005204e,FUN_0005204e,8,true
00052056,FUN_00052056,8,true
0005205e,FUN_0005205e,8,true
00052066,FUN_00052066,8,true
0005206e,FUN_0005206e,8,true
00052076,FUN_00052076,8,true
0005207e,FUN_0005207e,8,true
000520c8,FUN_000520c8,16,true
000520d8,FUN_000520d8,24,true
000520f0,FUN_000520f0,18,true
00052108,FUN_00052108,38,true
0005212e,FUN_0005212e,18,true
00052186,FUN_00052186,48,true
000521b6,FUN_000521b6,44,true
00052220,FUN_00052220,42,true
00052404,FUN_00052404,12,true
00052410,FUN_00052410,30,true
0005242e,FUN_0005242e,14,true
000524a4,FUN_000524a4,20,true
00052680,FUN_00052680,44,true
000526b8,FUN_000526b8,46,true
0005270c,FUN_0005270c,32,true
0005272c,FUN_0005272c,82,true
0005277e,FUN_0005277e,40,true
000527b6,FUN_000527b6,80,true
0005289c,FUN_0005289c,50,true
00052a62,FUN_00052a62,28,true
00052a7e,FUN_00052a7e,40,true
00052b3a,FUN_00052b3a,74,true
00052b8e,FUN_00052b8e,42,true
00052c08,FUN_00052c08,34,true
00052c2a,FUN_00052c2a,56,true
00052d22,FUN_00052d22,68,true
00052d66,FUN_00052d66,80,true
00052fdc,FUN_00052fdc,224,true
000530bc,FUN_000530bc,34,true
000530de,FUN_000530de,34,true
00053100,FUN_00053100,28,true
0005311c,FUN_0005311c,28,true
00053138,FUN_00053138,98,true
0005319a,FUN_0005319a,72,true
000531e2,FUN_000531e2,198,true
000532d8,FUN_000532d8,34,true
000536c8,FUN_000536c8,200,true
000537ae,FUN_000537ae,24,true
000537c6,FUN_000537c6,100,true
0005383c,FUN_0005383c,26,true
000538b4,FUN_000538b4,20,true
000538c8,FUN_000538c8,46,true
00053916,FUN_00053916,68,true
000539a8,FUN_000539a8,50,true
00053a08,FUN_00053a08,34,true
00053a2a,FUN_00053a2a,12,true
00053ad8,FUN_00053ad8,92,true
00053b34,FUN_00053b34,36,true
00053b58,FUN_00053b58,34,true
00053b7a,FUN_00053b7a,46,true
00053baa,FUN_00053baa,76,true
00053bf6,FUN_00053bf6,156,true
00053cf8,FUN_00053cf8,42,true
00053d4e,FUN_00053d4e,70,true
00053dd8,FUN_00053dd8,160,true
00053e1c,FUN_00053e1c,38,true
00053e74,FUN_00053e74,62,true
00053f20,FUN_00053f20,20,true
00053f34,FUN_00053f34,252,true
00054080,FUN_00054080,10,true
00054090,FUN_00054090,304,true
000541cc,FUN_000541cc,16,true
000541e0,FUN_000541e0,366,true
0005434e,FUN_0005434e,36,true
00054372,FUN_00054372,50,true
000543a4,FUN_000543a4,186,true
0005446e,FUN_0005446e,6,true
0005469a,FUN_0005469a,82,true
00054876,FUN_00054876,146,true
0005494a,FUN_0005494a,136,true
000549d2,FUN_000549d2,90,true
00054aa2,thunk_FUN_000582ca,4,true
00054ac8,FUN_00054ac8,100,true
00054b2c,FUN_00054b2c,8,true
00054b32,thunk_FUN_000582d8,4,true
00054b36,FUN_00054b36,24,true
00054bda,FUN_00054bda,150,true
00054c06,FUN_00054c06,18,true
00054c18,FUN_00054c18,120,true
00054c90,FUN_00054c90,12,true
00054c9c,FUN_00054c9c,44,true
00054cc8,FUN_00054cc8,64,true
00054d08,FUN_00054d08,182,true
00054dca,FUN_00054dca,56,true
00054e02,FUN_00054e02,28,true
00054e1e,FUN_00054e1e,56,true
00054e6c,FUN_00054e6c,364,true
00055004,FUN_00055004,20,true
00055018,FUN_00055018,64,true
00055058,FUN_00055058,302,true
00055186,FUN_00055186,22,true
000551a4,FUN_000551a4,70,true
000551ee,FUN_000551ee,142,true
0005527c,FUN_0005527c,82,true
000552ce,FUN_000552ce,78,true
0005531c,FUN_0005531c,144,true
000553ac,FUN_000553ac,150,true
00055442,FUN_00055442,132,true
000554c6,FUN_000554c6,262,true
00055686,FUN_00055686,18,true
0005569e,FUN_0005569e,14,true
000556ac,FUN_000556ac,66,true
000556ee,FUN_000556ee,118,true
000557f6,FUN_000557f6,44,true
00055868,FUN_00055868,18,true
00055904,FUN_00055904,56,true
0005595e,FUN_0005595e,98,true
00055b1e,FUN_00055b1e,62,true
00055b5c,FUN_00055b5c,36,true
0005606a,FUN_0005606a,4,true
0005607a,FUN_0005607a,38,true
000560c4,FUN_000560c4,40,true
000560ec,FUN_000560ec,122,true
00056166,FUN_00056166,1330,true
00056828,FUN_00056828,22,true
0005683e,FUN_0005683e,16,true
0005686a,FUN_0005686a,98,true
000568b0,FUN_000568b0,180,true
00056964,FUN_00056964,34,true
00056a84,FUN_00056a84,388,true
00056c0c,FUN_00056c0c,8,true
00056c1a,FUN_00056c1a,168,true
00056cc4,FUN_00056cc4,76,true
00056d14,FUN_00056d14,20,true
00056d28,FUN_00056d28,36,true
00056d4c,FUN_00056d4c,78,true
00056d9a,FUN_00056d9a,112,true
00056e4e,FUN_00056e4e,86,true
00056ea6,FUN_00056ea6,86,true
00056efc,FUN_00056efc,88,true
00056f92,FUN_00056f92,80,true
00056fe2,FUN_00056fe2,110,true
000570e6,FUN_000570e6,94,true
0005714a,FUN_0005714a,24,true
00057162,FUN_00057162,20,true
00057176,FUN_00057176,62,true
00057248,FUN_00057248,4,true
0005724c,FUN_0005724c,30,true
00057274,FUN_00057274,4,true
00057278,FUN_00057278,8,true
00057468,FUN_00057468,4,true
0005746c,FUN_0005746c,8,true
000574d0,FUN_000574d0,50,true
00057502,FUN_00057502,14,true
00057548,FUN_00057548,6,true
00057552,FUN_00057552,10,true
0005755c,FUN_0005755c,18,true
000575ba,FUN_000575ba,30,true
000576b6,FUN_000576b6,30,true
000576d4,FUN_000576d4,52,true
00057a88,FUN_00057a88,46,true
00057ab6,FUN_00057ab6,38,true
00057b00,FUN_00057b00,26,true
00057b50,FUN_00057b50,6,true
00057bae,FUN_00057bae,10,true
00057cd2,FUN_00057cd2,84,true
00057d26,FUN_00057d26,36,true
00057d56,FUN_00057d56,26,true
00057d70,FUN_00057d70,2,true
00057d98,FUN_00057d98,42,true
00057dc2,FUN_00057dc2,42,true
00057dec,FUN_00057dec,122,true
00057e66,FUN_00057e66,298,true
00057f90,FUN_00057f90,14,true
00057f9e,FUN_00057f9e,34,true
00057fc0,FUN_00057fc0,96,true
00058020,FUN_00058020,284,true
000582ca,FUN_000582ca,6,true
000582d2,FUN_000582d2,6,true
000582d8,FUN_000582d8,22,true
0005830c,FUN_0005830c,6,true
0005837e,FUN_0005837e,6,true
00058384,FUN_00058384,76,true
000583d6,thunk_FUN_000b01d0,4,true
000584b2,FUN_000584b2,174,true
00058560,FUN_00058560,62,true
00058704,FUN_00058704,14,true
00058712,FUN_00058712,34,true
00058734,FUN_00058734,70,true
00058784,FUN_00058784,54,true
000587ba,FUN_000587ba,268,true
000588c6,FUN_000588c6,36,true
0005917c,FUN_0005917c,92,true
000591d8,FUN_000591d8,30,true
000591f6,FUN_000591f6,256,true
0005930e,FUN_0005930e,952,true
000596f4,FUN_000596f4,276,true
00059808,FUN_00059808,236,true
000598f4,FUN_000598f4,312,true
00059a62,FUN_00059a62,96,true
00059ac2,FUN_00059ac2,14,true
00059b72,FUN_00059b72,76,true
00059d78,FUN_00059d78,30,true
00059e46,FUN_00059e46,360,true
00059fae,FUN_00059fae,30,true
0005a000,FUN_0005a000,20,true
0005a014,FUN_0005a014,80,true
0005a072,FUN_0005a072,80,true
0005a0d0,FUN_0005a0d0,80,true
0005a12e,FUN_0005a12e,30,true
0005a14c,FUN_0005a14c,14,true
0005a8f6,FUN_0005a8f6,38,true
0005a922,FUN_0005a922,34,true
0005a944,FUN_0005a944,56,true
0005a99e,FUN_0005a99e,24,true
0005a9b6,FUN_0005a9b6,16,true
0005a9c6,FUN_0005a9c6,410,true
0005ac62,FUN_0005ac62,82,true
0005acb4,FUN_0005acb4,130,true
0005ad00,FUN_0005ad00,66,true
0005ad42,FUN_0005ad42,88,true
0005ad9a,FUN_0005ad9a,80,true
0005adea,FUN_0005adea,102,true
0005ae50,FUN_0005ae50,24,true
0005ae68,FUN_0005ae68,88,true
0005aec4,FUN_0005aec4,80,true
0005af14,FUN_0005af14,90,true
0005af6e,FUN_0005af6e,58,true
0005afee,FUN_0005afee,48,true
0005b054,FUN_0005b054,102,true
0005b084,FUN_0005b084,46,true
0005b0b2,FUN_0005b0b2,122,true
0005b148,FUN_0005b148,64,true
0005b188,FUN_0005b188,48,true
0005b1bc,FUN_0005b1bc,24,true
0005b1d4,FUN_0005b1d4,24,true
0005b1ec,FUN_0005b1ec,24,true
0005b204,FUN_0005b204,34,true
0005b226,FUN_0005b226,442,true
0005b440,FUN_0005b440,62,true
0005b752,FUN_0005b752,24,true
0005b770,FUN_0005b770,356,true
0005bffa,FUN_0005bffa,32,true
0005c028,FUN_0005c028,108,true
0005c094,FUN_0005c094,474,true
0005c284,FUN_0005c284,682,true
0005c72a,FUN_0005c72a,150,true
0005c7c0,FUN_0005c7c0,392,true
0005c960,FUN_0005c960,720,true
0005cc30,FUN_0005cc30,22,true
0005cc46,FUN_0005cc46,14,true
0005d198,FUN_0005d198,20,true
0005d1ac,FUN_0005d1ac,64,true
0005d236,FUN_0005d236,30,true
0005d254,FUN_0005d254,14,true
0005d358,FUN_0005d358,72,true
0005d3a0,FUN_0005d3a0,44,true
0005d3cc,FUN_0005d3cc,34,true
0005d3f0,FUN_0005d3f0,140,true
0005d480,FUN_0005d480,86,true
0005d61e,FUN_0005d61e,50,true
0005d650,FUN_0005d650,14,true
0005d65e,FUN_0005d65e,46,true
0005d68c,FUN_0005d68c,116,true
0005d704,FUN_0005d704,110,true
0005d772,FUN_0005d772,100,true
0005d7d6,FUN_0005d7d6,90,true
0005d830,FUN_0005d830,40,true
0005d858,FUN_0005d858,26,true
0005d872,FUN_0005d872,12,true
0005d87e,FUN_0005d87e,36,true
0005d8a8,FUN_0005d8a8,738,true
0005dc00,FUN_0005dc00,770,true
0005df60,FUN_0005df60,252,true
0005e078,FUN_0005e078,108,true
0005e0f8,FUN_0005e0f8,12,true
0005e104,FUN_0005e104,4,true
0005e108,FUN_0005e108,32,true
0005e128,FUN_0005e128,4,true
0005e12c,FUN_0005e12c,4,true
0005e130,FUN_0005e130,18,true
0005e144,FUN_0005e144,82,true
0005e1a4,FUN_0005e1a4,6,true
0005e1aa,FUN_0005e1aa,152,true
0005e248,FUN_0005e248,6,true
0005e280,FUN_0005e280,10,true
0005e28a,FUN_0005e28a,26,true
0005e294,thunk_FUN_000b015e,4,true
0005e2a6,FUN_0005e2a6,10,true
0005e2ba,FUN_0005e2ba,16,true
0005e2ec,FUN_0005e2ec,60,true
0005e328,FUN_0005e328,12,true
0005e334,FUN_0005e334,40,true
0005e35c,FUN_0005e35c,96,true
0005e3bc,FUN_0005e3bc,114,true
0005e42e,FUN_0005e42e,16,true
0005e43e,FUN_0005e43e,40,true
0005e480,FUN_0005e480,40,true
0005e4cc,FUN_0005e4cc,4,true
0005e4d0,FUN_0005e4d0,8,true
0005e4f4,FUN_0005e4f4,36,true
0005e518,FUN_0005e518,36,true
0005e65e,FUN_0005e65e,44,true
0005e6d2,FUN_0005e6d2,10,true
0005e6dc,FUN_0005e6dc,18,true
0005e726,FUN_0005e726,10,true
0005e73a,FUN_0005e73a,10,true
0005e744,FUN_0005e744,48,true
0005eaa2,FUN_0005eaa2,230,true
0005eba0,FUN_0005eba0,102,true
0005ec06,FUN_0005ec06,62,true
0005ec44,FUN_0005ec44,42,true
0005eeca,FUN_0005eeca,226,true
0005efee,FUN_0005efee,28,true
0005f070,FUN_0005f070,116,true
0005f0e4,FUN_0005f0e4,22,true
0005f118,FUN_0005f118,46,true
0005f146,FUN_0005f146,60,true
0005f196,FUN_0005f196,32,true
0005f2aa,FUN_0005f2aa,186,true
0005f364,FUN_0005f364,128,true
0005f476,FUN_0005f476,80,true
0005f566,FUN_0005f566,362,true
0005f76c,FUN_0005f76c,300,true
0005f7d4,FUN_0005f7d4,72,true
0005f7f4,FUN_0005f7f4,46,true
0005f822,FUN_0005f822,2,true
0005f824,FUN_0005f824,46,true
0005f852,FUN_0005f852,66,true
0005f8b0,FUN_0005f8b0,28,true
0005f8cc,FUN_0005f8cc,14,true
0005f8da,FUN_0005f8da,30,true
0005f8f8,FUN_0005f8f8,8,true
0005f900,FUN_0005f900,4,true
0005f904,FUN_0005f904,68,true
0005f94c,FUN_0005f94c,12,true
0005f958,FUN_0005f958,50,true
0005f98a,FUN_0005f98a,10,true
0005f994,FUN_0005f994,6,true
0005f99a,FUN_0005f99a,398,true
0005fb4c,FUN_0005fb4c,62,true
0005fb8a,FUN_0005fb8a,16,true
0005fbda,FUN_0005fbda,26,true
0005fbf4,FUN_0005fbf4,56,true
0005fe7a,FUN_0005fe7a,44,true
0005ff56,FUN_0005ff56,14,true
0005ff64,FUN_0005ff64,38,true
0005ff8a,FUN_0005ff8a,18,true
0005ffa0,FUN_0005ffa0,144,true
0006005e,FUN_0006005e,28,true
00060134,FUN_00060134,338,true
00060286,FUN_00060286,36,true
000602f8,FUN_000602f8,156,true
000603c0,FUN_000603c0,294,true
000604e6,FUN_000604e6,48,true
00060516,FUN_00060516,14,true
000605e8,FUN_000605e8,28,true
00060640,FUN_00060640,166,true
000606e6,FUN_000606e6,40,true
0006070e,FUN_0006070e,654,true
0006099c,FUN_0006099c,32,true
00060a86,FUN_00060a86,362,true
00060bf0,FUN_00060bf0,14,true
00060c38,FUN_00060c38,46,true
00060c66,FUN_00060c66,92,true
00060cc2,FUN_00060cc2,94,true
00060d20,FUN_00060d20,84,true
00060d74,FUN_00060d74,718,true
00061042,FUN_00061042,112,true
000610da,FUN_000610da,396,true
00061266,FUN_00061266,52,true
0006129a,FUN_0006129a,14,true
000614c0,FUN_000614c0,234,true
000615aa,FUN_000615aa,42,true
0006166c,FUN_0006166c,26,true
00061686,FUN_00061686,504,true
00061a1c,FUN_00061a1c,44,true
00061b22,FUN_00061b22,32,true
00061e62,FUN_00061e62,32,true
00061eb8,FUN_00061eb8,134,true
00061f3e,FUN_00061f3e,214,true
00062014,FUN_00062014,74,true
0006205e,FUN_0006205e,124,true
000620da,FUN_000620da,22,true
000621ec,FUN_000621ec,188,true
000622aa,FUN_000622aa,68,true
000622ee,FUN_000622ee,322,true
00062430,FUN_00062430,86,true
00062694,FUN_00062694,40,true
000626f0,FUN_000626f0,82,true
0006275a,FUN_0006275a,132,true
000627de,FUN_000627de,158,true
0006287c,FUN_0006287c,28,true
0006296c,FUN_0006296c,98,true
000629d4,FUN_000629d4,150,true
00062a6a,FUN_00062a6a,22,true
00062ad6,FUN_00062ad6,278,true
00062bec,FUN_00062bec,134,true
00062c72,FUN_00062c72,204,true
00062d3e,FUN_00062d3e,126,true
00062dbc,FUN_00062dbc,22,true
0006318a,FUN_0006318a,22,true
000631a0,FUN_000631a0,14,true
000631da,FUN_000631da,8,true
00063304,FUN_00063304,94,true
00063362,FUN_00063362,66,true
000633a4,FUN_000633a4,18,true
00063448,FUN_00063448,30,true
000634ac,FUN_000634ac,134,true
00063532,FUN_00063532,24,true
00063584,FUN_00063584,370,true
000636fa,FUN_000636fa,32,true
0006371a,FUN_0006371a,14,true
0006381c,FUN_0006381c,326,true
00063962,FUN_00063962,22,true
00063978,FUN_00063978,14,true
000639e4,FUN_000639e4,30,true
00063a4a,FUN_00063a4a,32,true
00063aac,FUN_00063aac,190,true
00063b6a,FUN_00063b6a,22,true
00063b80,FUN_00063b80,14,true
00063c4e,FUN_00063c4e,32,true
00063e6a,FUN_00063e6a,108,true
00063ed6,FUN_00063ed6,590,true
0006415e,FUN_0006415e,72,true
000641a6,FUN_000641a6,28,true
000641c2,FUN_000641c2,256,true
000642c2,FUN_000642c2,22,true
000642d8,FUN_000642d8,14,true
00064424,FUN_00064424,42,true
0006446e,FUN_0006446e,42,true
000644ea,FUN_000644ea,98,true
0006454c,FUN_0006454c,58,true
00064586,FUN_00064586,266,true
00064690,FUN_00064690,262,true
00064796,FUN_00064796,244,true
000648ae,FUN_000648ae,256,true
000649ae,FUN_000649ae,256,true
00064aae,FUN_00064aae,196,true
00064b72,FUN_00064b72,194,true
00064c34,FUN_00064c34,262,true
00064d4c,FUN_00064d4c,192,true
00064e0c,FUN_00064e0c,364,true
00064f78,FUN_00064f78,22,true
00064f8e,FUN_00064f8e,26,true
00064fa8,FUN_00064fa8,720,true
0006529a,FUN_0006529a,70,true
0006536e,FUN_0006536e,260,true
00065472,FUN_00065472,24,true
0006548a,FUN_0006548a,14,true
00065498,FUN_00065498,14,true
000654a6,FUN_000654a6,14,true
000654b4,FUN_000654b4,226,true
000655c2,FUN_000655c2,176,true
0006569a,FUN_0006569a,44,true
0006579a,FUN_0006579a,228,true
0006587e,FUN_0006587e,112,true
000658ee,FUN_000658ee,28,true
0006590a,FUN_0006590a,116,true
0006597e,FUN_0006597e,28,true
00065bd2,FUN_00065bd2,40,true
00065f00,FUN_00065f00,40,true
00066014,FUN_00066014,56,true
00066228,FUN_00066228,44,true
00066254,FUN_00066254,8,true
0006626c,FUN_0006626c,26,true
00066286,FUN_00066286,494,true
000665dc,FUN_000665dc,26,true
00066610,FUN_00066610,62,true
0006664e,FUN_0006664e,92,true
000666b2,FUN_000666b2,136,true
0006673a,FUN_0006673a,654,true
000669c8,FUN_000669c8,42,true
000669f2,FUN_000669f2,14,true
00066aa0,FUN_00066aa0,90,true
00066afa,FUN_00066afa,76,true
00066b46,FUN_00066b46,206,true
00066c14,FUN_00066c14,84,true
00066c68,FUN_00066c68,624,true
00066ed8,FUN_00066ed8,106,true
00066f64,FUN_00066f64,304,true
00067094,FUN_00067094,34,true
000671d8,FUN_000671d8,30,true
0006728a,FUN_0006728a,24,true
000673aa,FUN_000673aa,34,true
00067410,FUN_00067410,52,true
00067444,FUN_00067444,76,true
00067490,FUN_00067490,84,true
000674e4,FUN_000674e4,188,true
000675a0,FUN_000675a0,220,true
0006767c,FUN_0006767c,540,true
000678b4,FUN_000678b4,498,true
00067aa6,FUN_00067aa6,104,true
00067b0e,FUN_00067b0e,304,true
00067c3e,FUN_00067c3e,22,true
00067e30,FUN_00067e30,132,true
00067eb4,FUN_00067eb4,628,true
00068128,FUN_00068128,158,true
000681c6,FUN_000681c6,30,true
0006825c,FUN_0006825c,188,true
00068318,FUN_00068318,192,true
000683d8,FUN_000683d8,142,true
00068478,FUN_00068478,262,true
0006857e,FUN_0006857e,74,true
000685c8,FUN_000685c8,106,true
000688ce,FUN_000688ce,76,true
00068918,FUN_00068918,268,true
00068a24,FUN_00068a24,82,true
00068a76,FUN_00068a76,152,true
000691b8,FUN_000691b8,48,true
000691e8,FUN_000691e8,14,true
000692d4,FUN_000692d4,26,true
0006937a,FUN_0006937a,46,true
00069460,FUN_00069460,48,true
00069490,FUN_00069490,14,true
000694d8,FUN_000694d8,40,true
00069500,FUN_00069500,216,true
000695d8,FUN_000695d8,36,true
000696ac,FUN_000696ac,308,true
000697e0,FUN_000697e0,192,true
00069914,FUN_00069914,28,true
00069a32,FUN_00069a32,36,true
00069b82,FUN_00069b82,28,true
00069bc4,FUN_00069bc4,142,true
00069c52,FUN_00069c52,292,true
00069d76,FUN_00069d76,198,true
00069e3c,FUN_00069e3c,28,true
00069ed2,FUN_00069ed2,42,true
00069efc,FUN_00069efc,24,true
00069f14,FUN_00069f14,34,true
00069f36,FUN_00069f36,34,true
00069f58,FUN_00069f58,232,true
0006a040,FUN_0006a040,1144,true
0006a4d8,FUN_0006a4d8,320,true
0006a618,FUN_0006a618,72,true
0006a716,FUN_0006a716,28,true
0006a74c,FUN_0006a74c,46,true
0006a77a,FUN_0006a77a,42,true
0006a7a4,FUN_0006a7a4,56,true
0006a7dc,FUN_0006a7dc,52,true
0006a810,FUN_0006a810,306,true
0006a942,FUN_0006a942,780,true
0006ac66,FUN_0006ac66,116,true
0006acda,FUN_0006acda,232,true
0006adc2,FUN_0006adc2,28,true
0006afb2,FUN_0006afb2,52,true
0006b02c,FUN_0006b02c,52,true
0006b060,FUN_0006b060,280,true
0006b178,FUN_0006b178,28,true
0006b2a4,FUN_0006b2a4,22,true
0006b360,FUN_0006b360,46,true
0006b38e,FUN_0006b38e,42,true
0006b3b8,FUN_0006b3b8,188,true
0006b474,FUN_0006b474,178,true
0006b526,FUN_0006b526,140,true
0006b5b2,FUN_0006b5b2,24,true
0006b5d2,FUN_0006b5d2,34,true
0006b5fc,FUN_0006b5fc,94,true
0006b65a,FUN_0006b65a,6,true
0006b660,FUN_0006b660,6,true
0006b666,FUN_0006b666,138,true
0006b6f0,FUN_0006b6f0,14,true
0006b6fe,FUN_0006b6fe,130,true
0006b784,FUN_0006b784,180,true
0006b838,FUN_0006b838,298,true
0006b962,FUN_0006b962,34,true
0006b99e,FUN_0006b99e,50,true
0006bab0,FUN_0006bab0,42,true
0006bafc,FUN_0006bafc,122,true
0006bb76,FUN_0006bb76,238,true
0006bc64,FUN_0006bc64,402,true
0006bdf6,FUN_0006bdf6,140,true
0006be82,FUN_0006be82,120,true
0006befa,FUN_0006befa,36,true
0006bfb8,FUN_0006bfb8,180,true
0006c06c,FUN_0006c06c,386,true
0006c1fc,FUN_0006c1fc,74,true
0006c28c,FUN_0006c28c,34,true
0006c2cc,FUN_0006c2cc,178,true
0006c37e,FUN_0006c37e,114,true
0006c3f0,FUN_0006c3f0,104,true
0006c458,FUN_0006c458,34,true
0006c6b2,FUN_0006c6b2,82,true
0006c76a,FUN_0006c76a,34,true
0006c7b4,FUN_0006c7b4,68,true
0006c7f8,FUN_0006c7f8,184,true
0006c8b0,FUN_0006c8b0,34,true
0006c8ec,FUN_0006c8ec,72,true
0006c9fe,FUN_0006c9fe,58,true
0006ca54,FUN_0006ca54,24,true
0006ca74,FUN_0006ca74,158,true
0006cb12,FUN_0006cb12,220,true
0006cbee,FUN_0006cbee,34,true
0006cc2a,FUN_0006cc2a,50,true
0006cc80,FUN_0006cc80,62,true
0006ccbe,FUN_0006ccbe,190,true
0006cd7c,FUN_0006cd7c,46,true
0006ce40,FUN_0006ce40,104,true
0006cea8,FUN_0006cea8,570,true
0006d0e2,FUN_0006d0e2,178,true
0006d19c,FUN_0006d19c,44,true
0006d1c8,FUN_0006d1c8,34,true
0006d1ea,FUN_0006d1ea,44,true
0006d238,FUN_0006d238,50,true
0006d26a,FUN_0006d26a,74,true
0006d27c,FUN_0006d27c,18,true
0006d294,FUN_0006d294,118,true
0006d30a,FUN_0006d30a,100,true
0006d36e,FUN_0006d36e,130,true
0006d3f0,FUN_0006d3f0,152,true
0006d488,FUN_0006d488,46,true
0006d4b6,FUN_0006d4b6,150,true
0006d54c,FUN_0006d54c,270,true
0006d864,FUN_0006d864,10,true
0006db64,FUN_0006db64,30,true
0006dbe4,FUN_0006dbe4,106,true
0006dc1e,FUN_0006dc1e,254,true
0006dd1c,FUN_0006dd1c,18,true
0006dd2e,FUN_0006dd2e,68,true
0006dd72,FUN_0006dd72,140,true
0006ddfe,FUN_0006ddfe,140,true
0006de8a,FUN_0006de8a,68,true
0006dece,FUN_0006dece,424,true
0006e076,FUN_0006e076,40,true
0006e09e,FUN_0006e09e,14,true
0006e0ac,FUN_0006e0ac,6,true
0006e0b2,FUN_0006e0b2,156,true
0006e178,FUN_0006e178,116,true
0006e1ec,FUN_0006e1ec,190,true
0006e2aa,FUN_0006e2aa,250,true
0006e3a4,FUN_0006e3a4,8,true
0006e710,FUN_0006e710,52,true
0006e744,FUN_0006e744,32,true
0006e77c,FUN_0006e77c,294,true
0006e8a6,FUN_0006e8a6,32,true
0006e8c6,FUN_0006e8c6,14,true
0006e8e0,FUN_0006e8e0,280,true
0006ea0c,FUN_0006ea0c,148,true
0006eac6,FUN_0006eac6,48,true
0006eb02,FUN_0006eb02,46,true
0006eb30,FUN_0006eb30,30,true
0006eb4a,FUN_0006eb4a,226,true
0006ec2c,FUN_0006ec2c,46,true
0006ec5a,FUN_0006ec5a,100,true
0006ecbe,FUN_0006ecbe,14,true
0006eed6,FUN_0006eed6,48,true
0006ef06,FUN_0006ef06,48,true
0006ef36,FUN_0006ef36,24,true
0006ef70,FUN_0006ef70,6,true
0006ef78,FUN_0006ef78,28,true
0006efaa,FUN_0006efaa,196,true
0006f06e,FUN_0006f06e,84,true
0006f0c2,FUN_0006f0c2,80,true
0006f112,FUN_0006f112,88,true
0006f16a,FUN_0006f16a,52,true
0006f19e,FUN_0006f19e,138,true
0006f228,FUN_0006f228,258,true
0006f32a,FUN_0006f32a,6,true
0006f34c,FUN_0006f34c,44,true
0006f398,FUN_0006f398,196,true
0006f45c,FUN_0006f45c,52,true
0006f490,FUN_0006f490,32,true
0006f4b0,FUN_0006f4b0,80,true
0006f500,FUN_0006f500,24,true
0006f518,FUN_0006f518,6,true
0006f51e,FUN_0006f51e,82,true
0006f56a,FUN_0006f56a,74,true
0006f646,FUN_0006f646,220,true
0006f7be,FUN_0006f7be,12,true
0006f7f8,FUN_0006f7f8,134,true
0006f87e,FUN_0006f87e,50,true
0006f8b0,FUN_0006f8b0,38,true
0006f8e4,FUN_0006f8e4,500,true
0006fad8,FUN_0006fad8,66,true
0006fb1a,FUN_0006fb1a,62,true
0006fb58,FUN_0006fb58,50,true
0006fbb8,FUN_0006fbb8,46,true
0006fc1e,FUN_0006fc1e,22,true
0006fc34,FUN_0006fc34,22,true
0006fc4a,FUN_0006fc4a,14,true
0006fc58,FUN_0006fc58,18,true
0006fc86,FUN_0006fc86,18,true
0006fca6,FUN_0006fca6,86,true
0006fcfc,FUN_0006fcfc,60,true
0006fd38,FUN_0006fd38,34,true
0006fd60,FUN_0006fd60,64,true
0006fda0,FUN_0006fda0,194,true
0006fe62,FUN_0006fe62,46,true
0006ff40,FUN_0006ff40,54,true
0006ff76,FUN_0006ff76,14,true
0006ff84,FUN_0006ff84,14,true
0006ff92,FUN_0006ff92,16,true
0006ffa8,FUN_0006ffa8,764,true
000702f8,FUN_000702f8,34,true
000704aa,FUN_000704aa,36,true
000704d0,FUN_000704d0,22,true
000704f8,FUN_000704f8,6,true
0007050c,FUN_0007050c,18,true
00070646,FUN_00070646,188,true
00070702,FUN_00070702,62,true
0007072e,thunk_FUN_000b01b4,4,true
00070732,thunk_FUN_000b01d0,4,true
00070736,FUN_00070736,12,true
00070742,FUN_00070742,34,true
0007077c,FUN_0007077c,6,true
000707a2,FUN_000707a2,18,true
000707e4,FUN_000707e4,10,true
000707ee,FUN_000707ee,30,true
0007080c,FUN_0007080c,26,true
00070826,FUN_00070826,26,true
00070840,FUN_00070840,26,true
0007085a,FUN_0007085a,124,true
000708d6,FUN_000708d6,128,true
00070944,FUN_00070944,116,true
000709b8,FUN_000709b8,50,true
000709ea,FUN_000709ea,26,true
000709fa,FUN_000709fa,38,true
00070a2c,FUN_00070a2c,4,true
00070a30,FUN_00070a30,100,true
00070a94,FUN_00070a94,1730,true
00071178,FUN_00071178,152,true
000712e8,FUN_000712e8,44,true
00071314,FUN_00071314,96,true
000713b4,FUN_000713b4,90,true
0007140e,FUN_0007140e,36,true
00071444,FUN_00071444,6,true
00071458,FUN_00071458,18,true
000715b8,FUN_000715b8,66,true
000716b8,FUN_000716b8,20,true
00071868,FUN_00071868,46,true
0007188c,FUN_0007188c,50,true
000718e8,FUN_000718e8,172,true
00071994,FUN_00071994,16,true
000719be,FUN_000719be,12,true
000719ca,thunk_FUN_0008f762,4,true
00071a02,FUN_00071a02,34,true
00071a30,FUN_00071a30,6,true
00071a3c,FUN_00071a3c,28,true
00071a70,FUN_00071a70,6,true
00071a76,FUN_00071a76,120,true
00071aee,FUN_00071aee,42,true
00071e84,FUN_00071e84,6,true
00071e8a,FUN_00071e8a,70,true
00071ef4,FUN_00071ef4,34,true
00071f16,FUN_00071f16,30,true
00071fa6,FUN_00071fa6,38,true
00071fd4,FUN_00071fd4,106,true
0007203e,FUN_0007203e,48,true
0007206e,FUN_0007206e,524,true
00072306,FUN_00072306,48,true
00072336,FUN_00072336,14,true
000723ea,FUN_000723ea,284,true
00072508,FUN_00072508,112,true
000727ec,FUN_000727ec,94,true
0007284a,FUN_0007284a,64,true
0007288a,FUN_0007288a,446,true
000739f2,FUN_000739f2,42,true
00073a1c,FUN_00073a1c,204,true
00073ae4,FUN_00073ae4,210,true
00073bb6,FUN_00073bb6,76,true
00073c02,FUN_00073c02,70,true
00074b70,FUN_00074b70,46,true
00074b9e,FUN_00074b9e,36,true
00074bc2,FUN_00074bc2,24,true
00074c8e,FUN_00074c8e,28,true
00074caa,FUN_00074caa,56,true
00074d04,FUN_00074d04,74,true
00074d4e,FUN_00074d4e,18,true
00074d60,FUN_00074d60,28,true
00074d7c,FUN_00074d7c,46,true
00074db0,FUN_00074db0,46,true
00074de4,FUN_00074de4,46,true
00074e18,FUN_00074e18,46,true
00074e4c,FUN_00074e4c,344,true
00074fa4,FUN_00074fa4,92,true
00075010,FUN_00075010,30,true
0007502e,FUN_0007502e,92,true
000750be,FUN_000750be,6,true
000750c4,FUN_000750c4,24,true
000750e8,FUN_000750e8,52,true
00075122,FUN_00075122,50,true
00075154,FUN_00075154,20,true
00075168,FUN_00075168,32,true
00075220,FUN_00075220,152,true
000752b8,FUN_000752b8,1262,true
00075674,FUN_00075674,144,true
00075704,FUN_00075704,56,true
0007573c,FUN_0007573c,58,true
00075776,FUN_00075776,240,true
00075918,FUN_00075918,18,true
0007592a,FUN_0007592a,30,true
0007596c,FUN_0007596c,16,true
00075982,FUN_00075982,86,true
000759d8,FUN_000759d8,118,true
00075a4e,FUN_00075a4e,80,true
00075a9e,FUN_00075a9e,12,true
00075b56,FUN_00075b56,108,true
00075bc2,FUN_00075bc2,80,true
00075c12,FUN_00075c12,118,true
00075cac,FUN_00075cac,10,true
00075cb6,FUN_00075cb6,114,true
00075cee,FUN_00075cee,104,true
00075d56,FUN_00075d56,4,true
00075d5a,FUN_00075d5a,30,true
00075d74,FUN_00075d74,106,true
00075dbc,FUN_00075dbc,44,true
00075de8,FUN_00075de8,60,true
00075e30,FUN_00075e30,22,true
00075ef0,FUN_00075ef0,12,true
00075f00,FUN_00075f00,44,true
00075f62,FUN_00075f62,70,true
00075f8e,FUN_00075f8e,52,true
00075fc4,FUN_00075fc4,52,true
00075fe8,FUN_00075fe8,144,true
000760ae,FUN_000760ae,104,true
000760ca,FUN_000760ca,104,true
00076150,FUN_00076150,40,true
00076178,FUN_00076178,38,true
0007619e,FUN_0007619e,18,true
000761b4,FUN_000761b4,10,true
000761be,FUN_000761be,60,true
000761fa,FUN_000761fa,100,true
00076268,FUN_00076268,16,true
000762f2,FUN_000762f2,58,true
0007632c,FUN_0007632c,1170,true
000768ca,FUN_000768ca,1004,true
00076cfe,FUN_00076cfe,44,true
00076d78,FUN_00076d78,128,true
00077018,FUN_00077018,6,true
00077038,FUN_00077038,6,true
0007706a,FUN_0007706a,8,true
0007708e,FUN_0007708e,24,true
000770c6,FUN_000770c6,112,true
000770ee,FUN_000770ee,4,true
000770f2,FUN_000770f2,6,true
00077214,FUN_00077214,32,true
00077234,FUN_00077234,136,true
000772bc,FUN_000772bc,38,true
00077344,FUN_00077344,234,true
000773a0,FUN_000773a0,18,true
000773b2,FUN_000773b2,74,true
000773fc,FUN_000773fc,66,true
0007743e,FUN_0007743e,110,true
000774be,FUN_000774be,138,true
0007756c,FUN_0007756c,132,true
000775a8,FUN_000775a8,42,true
00077666,FUN_00077666,310,true
0007779c,FUN_0007779c,20,true
000777b0,FUN_000777b0,28,true
000777cc,FUN_000777cc,674,true
00077a92,FUN_00077a92,12,true
00077afc,FUN_00077afc,34,true
00077b1e,FUN_00077b1e,56,true
00077b56,FUN_00077b56,32,true
00077b84,FUN_00077b84,148,true
00077c40,FUN_00077c40,282,true
00077d5a,FUN_00077d5a,34,true
00077d7c,FUN_00077d7c,14,true
00077e2e,FUN_00077e2e,30,true
00077e9e,FUN_00077e9e,32,true
00077f10,FUN_00077f10,100,true
00077f74,FUN_00077f74,44,true
00078124,FUN_00078124,46,true
00078152,FUN_00078152,6,true
00078158,FUN_00078158,20,true
0007816c,FUN_0007816c,16,true
0007817c,FUN_0007817c,56,true
000781b4,FUN_000781b4,4,true
00078262,FUN_00078262,58,true
000782a2,FUN_000782a2,76,true
00078348,FUN_00078348,142,true
000783d6,FUN_000783d6,138,true
00078460,FUN_00078460,76,true
000784ac,FUN_000784ac,76,true
000784f8,FUN_000784f8,74,true
00078542,FUN_00078542,52,true
00078576,FUN_00078576,126,true
000785f4,FUN_000785f4,1034,true
00078a16,FUN_00078a16,138,true
00078aa0,FUN_00078aa0,376,true
00078c38,FUN_00078c38,70,true
00078c8c,FUN_00078c8c,124,true
00078d08,FUN_00078d08,84,true
00078de8,FUN_00078de8,108,true
00078e54,FUN_00078e54,210,true
00078e9a,FUN_00078e9a,90,true
00078ef4,FUN_00078ef4,92,true
00078f60,FUN_00078f60,36,true
0007919c,FUN_0007919c,4,true
000791a0,FUN_000791a0,78,true
00079220,FUN_00079220,40,true
00079248,FUN_00079248,38,true
0007926e,FUN_0007926e,30,true
0007929a,FUN_0007929a,26,true
000792b4,FUN_000792b4,28,true
000792d0,FUN_000792d0,64,true
00079310,FUN_00079310,16,true
00079320,FUN_00079320,42,true
0007934a,FUN_0007934a,76,true
00079424,FUN_00079424,62,true
0007945c,FUN_0007945c,26,true
00079476,FUN_00079476,32,true
000794d0,FUN_000794d0,28,true
000794ec,FUN_000794ec,30,true
0007950a,FUN_0007950a,22,true
00079520,FUN_00079520,22,true
00079562,FUN_00079562,28,true
0007957e,FUN_0007957e,28,true
0007959a,FUN_0007959a,32,true
000795ba,FUN_000795ba,150,true
00079650,FUN_00079650,64,true
0007969e,thunk_FUN_0006d864,4,true
000796a2,FUN_000796a2,142,true
00079748,FUN_00079748,154,true
00079806,FUN_00079806,10,true
00079810,FUN_00079810,118,true
0007989e,FUN_0007989e,112,true
0007990e,FUN_0007990e,88,true
00079966,FUN_00079966,14,true
00079974,FUN_00079974,16,true
00079984,FUN_00079984,92,true
000799e0,FUN_000799e0,50,true
00079a12,FUN_00079a12,820,true
00079d52,FUN_00079d52,166,true
00079df8,FUN_00079df8,882,true
0007a182,FUN_0007a182,66,true
0007a202,FUN_0007a202,52,true
0007a236,FUN_0007a236,294,true
0007a35c,FUN_0007a35c,58,true
0007a39a,FUN_0007a39a,96,true
0007a3fa,FUN_0007a3fa,432,true
0007a5c2,FUN_0007a5c2,162,true
0007a664,FUN_0007a664,64,true
0007a6a4,FUN_0007a6a4,360,true
0007a80c,FUN_0007a80c,28,true
0007a830,FUN_0007a830,270,true
0007a93e,FUN_0007a93e,126,true
0007a9d4,FUN_0007a9d4,308,true
0007acec,FUN_0007acec,36,true
0007acfa,FUN_0007acfa,18,true
0007ad0c,FUN_0007ad0c,140,true
0007ad98,FUN_0007ad98,28,true
0007ae04,FUN_0007ae04,18,true
0007aed6,FUN_0007aed6,48,true
0007af12,FUN_0007af12,12,true
0007af1e,FUN_0007af1e,10,true
0007af54,FUN_0007af54,38,true
0007af7a,FUN_0007af7a,30,true
0007afc8,FUN_0007afc8,24,true
0007afe0,FUN_0007afe0,6,true
0007b008,FUN_0007b008,98,true
0007b06a,FUN_0007b06a,60,true
0007b10c,FUN_0007b10c,18,true
0007b124,FUN_0007b124,132,true
0007b1a8,FUN_0007b1a8,110,true
0007b216,FUN_0007b216,22,true
0007b22c,FUN_0007b22c,28,true
0007b24c,FUN_0007b24c,60,true
0007b288,thunk_FUN_000d357e,4,true
0007b44c,FUN_0007b44c,36,true
0007b482,FUN_0007b482,70,true
0007b4c8,FUN_0007b4c8,30,true
0007b562,FUN_0007b562,4,true
0007b586,FUN_0007b586,84,true
0007b5c0,FUN_0007b5c0,66,true
0007b624,FUN_0007b624,60,true
0007b660,thunk_FUN_000d357e,4,true
0007b664,FUN_0007b664,14,true
0007b7f0,FUN_0007b7f0,26,true
0007b81c,thunk_FUN_0008e25a,4,true
0007b820,FUN_0007b820,14,true
0007b82e,FUN_0007b82e,14,true
0007b9ac,FUN_0007b9ac,26,true
0007b9dc,FUN_0007b9dc,46,true
0007ba0a,FUN_0007ba0a,42,true
0007ba34,FUN_0007ba34,42,true
0007bacc,FUN_0007bacc,36,true
0007baf0,FUN_0007baf0,36,true
0007bb18,FUN_0007bb18,42,true
0007bb42,FUN_0007bb42,32,true
0007bb62,FUN_0007bb62,28,true
0007bb90,FUN_0007bb90,62,true
0007bbce,FUN_0007bbce,66,true
0007bc10,FUN_0007bc10,48,true
0007bc40,FUN_0007bc40,12,true
0007bc4c,FUN_0007bc4c,20,true
0007bc60,FUN_0007bc60,10,true
0007bc6e,FUN_0007bc6e,144,true
0007bcfe,FUN_0007bcfe,218,true
0007bde4,FUN_0007bde4,410,true
0007bf80,FUN_0007bf80,58,true
0007bfba,FUN_0007bfba,50,true
0007bfec,FUN_0007bfec,54,true
0007c022,FUN_0007c022,14,true
0007c030,FUN_0007c030,68,true
0007c0ec,FUN_0007c0ec,42,true
0007c1b8,FUN_0007c1b8,54,true
0007c1f4,FUN_0007c1f4,52,true
0007c22a,FUN_0007c22a,46,true
0007c372,FUN_0007c372,114,true
0007c40c,FUN_0007c40c,50,true
0007c454,FUN_0007c454,52,true
0007c488,FUN_0007c488,226,true
0007c56a,FUN_0007c56a,26,true
0007c584,FUN_0007c584,30,true
0007c5b8,FUN_0007c5b8,190,true
0007c676,FUN_0007c676,146,true
0007c72a,FUN_0007c72a,206,true
0007c7f8,FUN_0007c7f8,232,true
0007c8e0,FUN_0007c8e0,150,true
0007c976,FUN_0007c976,522,true
0007cb88,FUN_0007cb88,144,true
0007cb94,FUN_0007cb94,142,true
0007cc22,FUN_0007cc22,200,true
0007cc30,FUN_0007cc30,30,true
0007cd72,FUN_0007cd72,130,true
0007cdf4,FUN_0007cdf4,110,true
0007ce64,FUN_0007ce64,174,true
0007ce74,FUN_0007ce74,312,true
0007d068,FUN_0007d068,464,true
0007d238,FUN_0007d238,50,true
0007d26a,FUN_0007d26a,694,true
0007d522,FUN_0007d522,124,true
0007d59e,FUN_0007d59e,232,true
0007d696,FUN_0007d696,686,true
0007d946,FUN_0007d946,158,true
0007d9e6,FUN_0007d9e6,174,true
0007daa0,FUN_0007daa0,26,true
0007dabc,FUN_0007dabc,218,true
0007db98,FUN_0007db98,178,true
0007dc4a,FUN_0007dc4a,334,true
0007dd98,FUN_0007dd98,2292,true
0007e696,FUN_0007e696,484,true
0007e87c,FUN_0007e87c,2176,true
0007f10e,FUN_0007f10e,2048,true
0007f90e,FUN_0007f90e,1536,true
0007ff1c,FUN_0007ff1c,482,true
00080100,FUN_00080100,484,true
000802e4,FUN_000802e4,878,true
0008065a,FUN_0008065a,254,true
00080758,FUN_00080758,1054,true
00080b7a,FUN_00080b7a,270,true
00080c88,FUN_00080c88,222,true
00080d66,FUN_00080d66,454,true
00080f30,FUN_00080f30,352,true
00081092,FUN_00081092,86,true
000810e8,FUN_000810e8,384,true
00081274,FUN_00081274,202,true
0008133e,FUN_0008133e,122,true
000813b8,FUN_000813b8,136,true
00081440,FUN_00081440,176,true
000814f0,FUN_000814f0,134,true
00081578,FUN_00081578,158,true
00081618,FUN_00081618,184,true
000816d0,FUN_000816d0,186,true
0008178e,FUN_0008178e,142,true
0008181c,FUN_0008181c,142,true
000818ac,FUN_000818ac,12,true
000818b8,FUN_000818b8,308,true
000819ec,FUN_000819ec,72,true
00081a6c,FUN_00081a6c,548,true
00081c90,FUN_00081c90,72,true
00081d38,FUN_00081d38,50,true
00081d70,FUN_00081d70,68,true
00081db8,FUN_00081db8,34,true
00081df2,FUN_00081df2,32,true
00081e18,FUN_00081e18,10,true
00081e2e,FUN_00081e2e,32,true
00081e54,FUN_00081e54,16,true
00081e64,FUN_00081e64,24,true
00081e7c,FUN_00081e7c,52,true
00081eb0,FUN_00081eb0,122,true
00081ed8,FUN_00081ed8,64,true
00081f20,FUN_00081f20,20,true
00081f34,FUN_00081f34,72,true
00081f7c,FUN_00081f7c,10,true
00081f86,FUN_00081f86,68,true
00081fca,FUN_00081fca,12,true
00081fd8,FUN_00081fd8,188,true
0008209c,FUN_0008209c,20,true
000820b4,FUN_000820b4,14,true
000820c2,thunk_FUN_00046764,4,true
000820cc,FUN_000820cc,48,true
00082104,FUN_00082104,6,true
00082118,FUN_00082118,18,true
0008216c,FUN_0008216c,10,true
00082176,FUN_00082176,120,true
000821f2,FUN_000821f2,102,true
00082258,FUN_00082258,54,true
0008228e,FUN_0008228e,44,true
000822d8,FUN_000822d8,6,true
000822e2,FUN_000822e2,10,true
00082364,FUN_00082364,18,true
000823ae,FUN_000823ae,10,true
000823c2,FUN_000823c2,80,true
00082412,FUN_00082412,22,true
00082428,FUN_00082428,48,true
000824f2,FUN_000824f2,118,true
00082568,thunk_FUN_000b01b4,4,true
0008256c,thunk_FUN_000b01d0,4,true
00082570,FUN_00082570,36,true
000825b8,FUN_000825b8,26,true
000825d2,FUN_000825d2,16,true
00082608,FUN_00082608,6,true
0008261c,FUN_0008261c,18,true
0008262e,FUN_0008262e,18,true
00082666,FUN_00082666,10,true
0008267a,FUN_0008267a,170,true
00082724,FUN_00082724,90,true
0008277e,FUN_0008277e,208,true
0008284e,FUN_0008284e,118,true
0008290c,FUN_0008290c,62,true
0008294a,FUN_0008294a,100,true
000829ae,FUN_000829ae,42,true
00082a1c,FUN_00082a1c,32,true
00082a3c,FUN_00082a3c,62,true
00082a7a,FUN_00082a7a,66,true
00082abc,FUN_00082abc,106,true
00082b26,FUN_00082b26,138,true
00082bb0,FUN_00082bb0,98,true
00082c12,FUN_00082c12,24,true
00082c2a,FUN_00082c2a,86,true
00082c80,FUN_00082c80,4,true
00082ca6,FUN_00082ca6,32,true
00082cc6,FUN_00082cc6,14,true
00082ce8,FUN_00082ce8,18,true
00082cfc,FUN_00082cfc,16,true
00082d0c,FUN_00082d0c,280,true
00082e26,FUN_00082e26,284,true
00082f42,FUN_00082f42,404,true
00083146,FUN_00083146,164,true
000831ea,FUN_000831ea,70,true
000835d4,FUN_000835d4,68,true
00083618,FUN_00083618,34,true
00083abe,FUN_00083abe,6,true
00083ac4,FUN_00083ac4,28,true
00083ae0,FUN_00083ae0,8,true
00083ae8,FUN_00083ae8,66,true
00083b2a,FUN_00083b2a,50,true
00083b5c,FUN_00083b5c,40,true
00083b84,FUN_00083b84,48,true
00083bb4,FUN_00083bb4,62,true
00083bf2,FUN_00083bf2,34,true
00083cfc,FUN_00083cfc,4,true
00083d00,FUN_00083d00,8,true
00083dcc,FUN_00083dcc,18,true
00083e72,FUN_00083e72,20,true
00083e86,FUN_00083e86,12,true
00083e92,FUN_00083e92,220,true
00083f6e,FUN_00083f6e,46,true
0008415e,FUN_0008415e,86,true
00084250,FUN_00084250,4,true
00084254,FUN_00084254,8,true
00084310,FUN_00084310,6,true
00084316,FUN_00084316,40,true
00084434,FUN_00084434,14,true
00084442,FUN_00084442,24,true
0008445a,FUN_0008445a,28,true
00084476,FUN_00084476,232,true
0008455e,FUN_0008455e,26,true
00084578,FUN_00084578,152,true
00084624,FUN_00084624,30,true
00084642,FUN_00084642,386,true
00084738,FUN_00084738,14,true
00084746,FUN_00084746,20,true
0008475a,FUN_0008475a,18,true
0008476c,FUN_0008476c,38,true
00084792,FUN_00084792,34,true
000847b4,FUN_000847b4,66,true
000847f6,FUN_000847f6,258,true
000848f8,FUN_000848f8,52,true
0008492c,FUN_0008492c,14,true
0008493a,FUN_0008493a,230,true
00084a54,FUN_00084a54,40,true
00084a68,FUN_00084a68,76,true
00084ab4,FUN_00084ab4,34,true
00084ad6,FUN_00084ad6,90,true
00084b30,FUN_00084b30,94,true
00084b8e,FUN_00084b8e,116,true
00084c02,FUN_00084c02,224,true
00084ce4,FUN_00084ce4,36,true
00084d10,FUN_00084d10,106,true
00084d7a,FUN_00084d7a,106,true
00084de4,FUN_00084de4,482,true
00084fc8,FUN_00084fc8,402,true
0008515c,FUN_0008515c,1644,true
000857e2,FUN_000857e2,754,true
00085ada,FUN_00085ada,248,true
00085bd2,FUN_00085bd2,1244,true
000860c2,FUN_000860c2,342,true
00086218,FUN_00086218,190,true
000862d8,FUN_000862d8,116,true
0008634e,FUN_0008634e,1168,true
000867ec,FUN_000867ec,186,true
000868a6,FUN_000868a6,418,true
00086a48,FUN_00086a48,240,true
00086b38,FUN_00086b38,252,true
00086c36,FUN_00086c36,678,true
00086eee,FUN_00086eee,246,true
00086fe4,FUN_00086fe4,484,true
000871d0,FUN_000871d0,232,true
000872ba,FUN_000872ba,602,true
00087514,FUN_00087514,482,true
000876f8,FUN_000876f8,62,true
00087736,FUN_00087736,1362,true
00087c96,FUN_00087c96,1442,true
00088248,FUN_00088248,248,true
00088340,FUN_00088340,684,true
000885ee,FUN_000885ee,86,true
00088646,FUN_00088646,144,true
000886d6,FUN_000886d6,190,true
00088798,FUN_00088798,200,true
00088862,FUN_00088862,502,true
00088a58,FUN_00088a58,728,true
00088d34,FUN_00088d34,54,true
00088d6a,FUN_00088d6a,150,true
00088e00,FUN_00088e00,442,true
00088fc2,FUN_00088fc2,580,true
00089206,FUN_00089206,2084,true
00089a50,FUN_00089a50,426,true
00089bfc,FUN_00089bfc,54,true
00089c32,FUN_00089c32,224,true
00089d14,FUN_00089d14,222,true
00089df4,FUN_00089df4,878,true
0008a168,FUN_0008a168,806,true
0008a490,FUN_0008a490,2608,true
0008aee8,FUN_0008aee8,126,true
0008af66,FUN_0008af66,188,true
0008b02c,FUN_0008b02c,800,true
0008b34c,FUN_0008b34c,50,true
0008b37e,FUN_0008b37e,14,true
0008b38c,FUN_0008b38c,30,true
0008b3aa,FUN_0008b3aa,92,true
0008b406,FUN_0008b406,10,true
0008b410,FUN_0008b410,10,true
0008b41a,FUN_0008b41a,30,true
0008b438,FUN_0008b438,124,true
0008b4c8,FUN_0008b4c8,14,true
0008b4d6,FUN_0008b4d6,16,true
0008b4e6,FUN_0008b4e6,12,true
0008b4f2,FUN_0008b4f2,14,true
0008b500,FUN_0008b500,12,true
0008b50c,FUN_0008b50c,32,true
0008b52c,FUN_0008b52c,30,true
0008b5de,FUN_0008b5de,14,true
0008b5ec,FUN_0008b5ec,8,true
0008b5f8,FUN_0008b5f8,6,true
0008b602,FUN_0008b602,10,true
0008b66e,FUN_0008b66e,8,true
0008b676,FUN_0008b676,4,true
0008b67a,FUN_0008b67a,10,true
0008b6e2,FUN_0008b6e2,294,true
0008b808,FUN_0008b808,92,true
0008b864,FUN_0008b864,52,true
0008b8b6,FUN_0008b8b6,36,true
0008b8da,FUN_0008b8da,46,true
0008b90e,FUN_0008b90e,82,true
0008b960,FUN_0008b960,148,true
0008ba38,FUN_0008ba38,760,true
0008c170,FUN_0008c170,198,true
0008c2a4,FUN_0008c2a4,16,true
0008c2b4,FUN_0008c2b4,50,true
0008c338,FUN_0008c338,346,true
0008c498,FUN_0008c498,6,true
0008c49e,FUN_0008c49e,14,true
0008c4bc,FUN_0008c4bc,8,true
0008c4c4,FUN_0008c4c4,8,true
0008c4cc,FUN_0008c4cc,6,true
0008c4d2,FUN_0008c4d2,4,true
0008c4d6,FUN_0008c4d6,4,true
0008c4da,FUN_0008c4da,6,true
0008c4e0,FUN_0008c4e0,8,true
0008c4e8,FUN_0008c4e8,4,true
0008c4ec,FUN_0008c4ec,8,true
0008c4f4,FUN_0008c4f4,20,true
0008c512,FUN_0008c512,22,true
0008c52e,FUN_0008c52e,8,true
0008c536,FUN_0008c536,8,true
0008c53e,FUN_0008c53e,8,true
0008c546,FUN_0008c546,8,true
0008c556,FUN_0008c556,8,true
0008c566,FUN_0008c566,8,true
0008c6c4,FUN_0008c6c4,120,true
0008c784,FUN_0008c784,46,true
0008c896,FUN_0008c896,178,true
0008c9f4,FUN_0008c9f4,6,true
0008c9fa,thunk_FUN_000b01d0,4,true
0008c9fe,FUN_0008c9fe,18,true
0008ca10,FUN_0008ca10,14,true
0008ca1e,FUN_0008ca1e,80,true
0008ca6e,FUN_0008ca6e,12,true
0008ca7a,FUN_0008ca7a,28,true
0008cad0,FUN_0008cad0,6,true
0008cae4,FUN_0008cae4,18,true
0008cb42,thunk_FUN_00096d62,4,true
0008cb4e,thunk_FUN_00096d62,4,true
0008cb52,FUN_0008cb52,32,true
0008cb72,FUN_0008cb72,54,true
0008cb8a,FUN_0008cb8a,38,true
0008cbb0,FUN_0008cbb0,56,true
0008cbe8,FUN_0008cbe8,56,true
0008cc20,FUN_0008cc20,90,true
0008cc70,FUN_0008cc70,50,true
0008cca8,FUN_0008cca8,22,true
0008ccbe,FUN_0008ccbe,66,true
0008cd00,FUN_0008cd00,126,true
0008cd7e,FUN_0008cd7e,156,true
0008ce94,FUN_0008ce94,12,true
0008cea0,FUN_0008cea0,18,true
0008cee0,FUN_0008cee0,14,true
0008ceee,FUN_0008ceee,14,true
0008cefc,FUN_0008cefc,136,true
0008cf84,FUN_0008cf84,104,true
0008d000,FUN_0008d000,42,true
0008d02a,FUN_0008d02a,26,true
0008d04c,FUN_0008d04c,26,true
0008d2e4,FUN_0008d2e4,26,true
0008d2fe,FUN_0008d2fe,34,true
0008d320,FUN_0008d320,56,true
0008d358,FUN_0008d358,84,true
0008d3ac,FUN_0008d3ac,26,true
0008d3c6,FUN_0008d3c6,58,true
0008d400,FUN_0008d400,14,true
0008d40e,FUN_0008d40e,126,true
0008d48c,FUN_0008d48c,82,true
0008d4de,FUN_0008d4de,22,true
0008d4f4,FUN_0008d4f4,170,true
0008d5a8,FUN_0008d5a8,36,true
0008d5cc,FUN_0008d5cc,20,true
0008d5e0,FUN_0008d5e0,26,true
0008d5fa,FUN_0008d5fa,22,true
0008d610,FUN_0008d610,24,true
0008d628,FUN_0008d628,12,true
0008d694,FUN_0008d694,14,true
0008d6a2,FUN_0008d6a2,28,true
0008d6be,FUN_0008d6be,24,true
0008d6d6,FUN_0008d6d6,16,true
0008d6e6,FUN_0008d6e6,16,true
0008d6f6,FUN_0008d6f6,178,true
0008d7ac,FUN_0008d7ac,4,true
0008d7b0,FUN_0008d7b0,6,true
0008d7b6,FUN_0008d7b6,24,true
0008d7ce,FUN_0008d7ce,104,true
0008d878,FUN_0008d878,74,true
0008d8c2,FUN_0008d8c2,248,true
0008d9ba,FUN_0008d9ba,30,true
0008d9d8,FUN_0008d9d8,14,true
0008d9e6,FUN_0008d9e6,102,true
0008da4c,FUN_0008da4c,46,true
0008da7a,FUN_0008da7a,106,true
0008daba,FUN_0008daba,106,true
0008db24,FUN_0008db24,272,true
0008dc36,FUN_0008dc36,300,true
0008dd6e,FUN_0008dd6e,22,true
0008dd84,FUN_0008dd84,26,true
0008dd9e,FUN_0008dd9e,4,true
0008dda2,FUN_0008dda2,22,true
0008ddb8,FUN_0008ddb8,4,true
0008ddbc,FUN_0008ddbc,18,true
0008ddd8,FUN_0008ddd8,6,true
0008ddde,FUN_0008ddde,10,true
0008dde8,FUN_0008dde8,6,true
0008ddee,FUN_0008ddee,12,true
0008ddfa,FUN_0008ddfa,8,true
0008de02,FUN_0008de02,10,true
0008de0c,FUN_0008de0c,6,true
0008de18,FUN_0008de18,78,true
0008de66,FUN_0008de66,6,true
0008de7c,FUN_0008de7c,62,true
0008deba,FUN_0008deba,32,true
0008dee0,FUN_0008dee0,32,true
0008df00,FUN_0008df00,90,true
0008df68,FUN_0008df68,96,true
0008dfc8,FUN_0008dfc8,32,true
0008dfe8,FUN_0008dfe8,90,true
0008e042,FUN_0008e042,36,true
0008e066,FUN_0008e066,126,true
0008e0e4,FUN_0008e0e4,20,true
0008e130,FUN_0008e130,272,true
0008e240,FUN_0008e240,26,true
0008e25a,FUN_0008e25a,24,true
0008e27c,FUN_0008e27c,10,true
0008e286,FUN_0008e286,12,true
0008e292,FUN_0008e292,16,true
0008e2a2,FUN_0008e2a2,6,true
0008e2ae,FUN_0008e2ae,14,true
0008e2ca,FUN_0008e2ca,24,true
0008e2e2,FUN_0008e2e2,8,true
0008e2ea,FUN_0008e2ea,12,true
0008e2f6,FUN_0008e2f6,42,true
0008e320,FUN_0008e320,42,true
0008e34a,FUN_0008e34a,38,true
0008e370,FUN_0008e370,46,true
0008e39e,FUN_0008e39e,38,true
0008e3c4,FUN_0008e3c4,46,true
0008e3f2,FUN_0008e3f2,6,true
0008e3f8,FUN_0008e3f8,14,true
0008e406,FUN_0008e406,28,true
0008e422,FUN_0008e422,66,true
0008e474,FUN_0008e474,56,true
0008e4ac,FUN_0008e4ac,36,true
0008e4d0,FUN_0008e4d0,88,true
0008e528,FUN_0008e528,34,true
0008e54a,FUN_0008e54a,142,true
0008e5ec,FUN_0008e5ec,4,true
0008e5f4,FUN_0008e5f4,78,true
0008e642,FUN_0008e642,22,true
0008e666,FUN_0008e666,24,true
0008e67e,FUN_0008e67e,26,true
0008e6b6,FUN_0008e6b6,68,true
0008e6fa,FUN_0008e6fa,22,true
0008e710,FUN_0008e710,14,true
0008e71e,FUN_0008e71e,24,true
0008e736,FUN_0008e736,26,true
0008e796,FUN_0008e796,20,true
0008e7bc,FUN_0008e7bc,84,true
0008e810,FUN_0008e810,38,true
0008e86a,FUN_0008e86a,28,true
0008e886,FUN_0008e886,8,true
0008e88e,FUN_0008e88e,8,true
0008e900,FUN_0008e900,104,true
0008e968,FUN_0008e968,32,true
0008e988,FUN_0008e988,32,true
0008e9a8,FUN_0008e9a8,40,true
0008e9d0,FUN_0008e9d0,40,true
0008e9f8,FUN_0008e9f8,46,true
0008ea4e,FUN_0008ea4e,42,true
0008ea78,FUN_0008ea78,110,true
0008eae6,FUN_0008eae6,90,true
0008eb40,FUN_0008eb40,40,true
0008eb68,FUN_0008eb68,36,true
0008eb8c,FUN_0008eb8c,38,true
0008ebb2,FUN_0008ebb2,180,true
0008ec66,FUN_0008ec66,84,true
0008ecba,FUN_0008ecba,64,true
0008ecfa,thunk_FUN_0008ecba,2,true
0008ecfc,FUN_0008ecfc,34,true
0008ed1e,FUN_0008ed1e,44,true
0008ed4a,FUN_0008ed4a,64,true
0008ed9c,FUN_0008ed9c,154,true
0008ee36,FUN_0008ee36,88,true
0008ee8e,FUN_0008ee8e,48,true
0008eebe,FUN_0008eebe,88,true
0008ef16,FUN_0008ef16,46,true
0008ef8a,FUN_0008ef8a,18,true
0008ef9c,FUN_0008ef9c,22,true
0008efb2,FUN_0008efb2,54,true
0008efe8,FUN_0008efe8,28,true
0008f004,FUN_0008f004,42,true
0008f02e,FUN_0008f02e,16,true
0008f03e,FUN_0008f03e,26,true
0008f058,FUN_0008f058,4,true
0008f05c,FUN_0008f05c,4,true
0008f06e,FUN_0008f06e,8,true
0008f078,FUN_0008f078,100,true
0008f0dc,FUN_0008f0dc,20,true
0008f0f0,FUN_0008f0f0,38,true
0008f116,FUN_0008f116,104,true
0008f180,FUN_0008f180,86,true
0008f1d8,FUN_0008f1d8,38,true
0008f1fe,FUN_0008f1fe,20,true
0008f212,FUN_0008f212,26,true
0008f22c,FUN_0008f22c,96,true
0008f310,FUN_0008f310,40,true
0008f338,FUN_0008f338,20,true
0008f3a2,FUN_0008f3a2,100,true
0008f408,FUN_0008f408,110,true
0008f4c6,FUN_0008f4c6,34,true
0008f4e8,FUN_0008f4e8,68,true
0008f588,FUN_0008f588,30,true
0008f5a6,FUN_0008f5a6,116,true
0008f61a,FUN_0008f61a,60,true
0008f656,FUN_0008f656,118,true
0008f6cc,FUN_0008f6cc,150,true
0008f762,FUN_0008f762,14,true
0008f77e,FUN_0008f77e,14,true
0008f78c,FUN_0008f78c,54,true
0008f7d4,thunk_FUN_0006b65a,4,true
0008f7d8,FUN_0008f7d8,14,true
0008f7e6,FUN_0008f7e6,14,true
0008f828,FUN_0008f828,24,true
0008f840,FUN_0008f840,24,true
0008f868,FUN_0008f868,234,true
0008f952,FUN_0008f952,26,true
0008f96c,FUN_0008f96c,46,true
0008f992,FUN_0008f992,84,true
0008f9e6,FUN_0008f9e6,160,true
0008fa86,FUN_0008fa86,222,true
0008fb64,FUN_0008fb64,62,true
0008fba2,FUN_0008fba2,322,true
0008fcea,FUN_0008fcea,36,true
0008fd0e,FUN_0008fd0e,18,true
0008fd20,FUN_0008fd20,194,true
0008fd60,FUN_0008fd60,30,true
0008fd7e,FUN_0008fd7e,284,true
000901e0,FUN_000901e0,70,true
00090226,FUN_00090226,52,true
0009025a,FUN_0009025a,160,true
000903a6,FUN_000903a6,20,true
000903ba,FUN_000903ba,20,true
00090418,FUN_00090418,8,true
00090420,FUN_00090420,202,true
000904ea,FUN_000904ea,72,true
00090532,FUN_00090532,18,true
000905c6,FUN_000905c6,18,true
000905d8,FUN_000905d8,224,true
000906be,FUN_000906be,6,true
000906d8,FUN_000906d8,72,true
00090720,FUN_00090720,42,true
00090784,thunk_FUN_00093238,4,true
00090788,FUN_00090788,8,true
000907a0,FUN_000907a0,8,true
000907a8,FUN_000907a8,10,true
000907b2,FUN_000907b2,10,true
000907c4,FUN_000907c4,8,true
000907cc,FUN_000907cc,8,true
000907ec,FUN_000907ec,8,true
00090804,FUN_00090804,8,true
00090814,FUN_00090814,8,true
0009081c,FUN_0009081c,10,true
00090826,FUN_00090826,4,true
00090838,FUN_00090838,22,true
00090862,FUN_00090862,8,true
0009086a,FUN_0009086a,6,true
00090870,FUN_00090870,6,true
00090876,FUN_00090876,6,true
0009087c,FUN_0009087c,54,true
000908b2,FUN_000908b2,6,true
000908b8,FUN_000908b8,78,true
00090906,FUN_00090906,52,true
00090bd6,FUN_00090bd6,128,true
00090c56,FUN_00090c56,42,true
00090ce4,FUN_00090ce4,30,true
00090d02,FUN_00090d02,2,true
00090db0,FUN_00090db0,6,true
00090db6,FUN_00090db6,20,true
00090dca,FUN_00090dca,44,true
00090df6,FUN_00090df6,42,true
00090e20,FUN_00090e20,770,true
00091152,FUN_00091152,36,true
0009120a,FUN_0009120a,74,true
00091266,FUN_00091266,14,true
000912a0,FUN_000912a0,22,true
000912bc,FUN_000912bc,126,true
0009133a,FUN_0009133a,310,true
000914f8,FUN_000914f8,44,true
0009160c,FUN_0009160c,238,true
00091612,FUN_00091612,6,true
00091618,FUN_00091618,22,true
0009162e,FUN_0009162e,22,true
00091644,FUN_00091644,26,true
0009165e,FUN_0009165e,26,true
00091678,FUN_00091678,10,true
00091682,FUN_00091682,16,true
00091714,FUN_00091714,128,true
000917e0,FUN_000917e0,38,true
00091806,FUN_00091806,16,true
00091816,FUN_00091816,100,true
00091880,FUN_00091880,62,true
000918c4,FUN_000918c4,116,true
00091970,FUN_00091970,134,true
000919f6,FUN_000919f6,64,true
00091a36,FUN_00091a36,232,true
00091cb8,FUN_00091cb8,48,true
00091ce8,FUN_00091ce8,128,true
00091d6a,thunk_FUN_000918c4,2,true
00091d6c,FUN_00091d6c,58,true
00091da6,FUN_00091da6,38,true
00091dcc,FUN_00091dcc,12,true
00091dd8,FUN_00091dd8,26,true
00091e04,FUN_00091e04,16,true
00091e14,FUN_00091e14,314,true
00091f4e,FUN_00091f4e,68,true
00091f92,FUN_00091f92,36,true
00091fb6,FUN_00091fb6,30,true
00091fd4,FUN_00091fd4,50,true
00092006,FUN_00092006,12,true
00092012,FUN_00092012,544,true
000922de,FUN_000922de,14,true
000922ec,FUN_000922ec,32,true
0009230c,FUN_0009230c,18,true
000923aa,FUN_000923aa,30,true
000923c8,FUN_000923c8,92,true
00092452,FUN_00092452,16,true
00092462,FUN_00092462,78,true
000924aa,FUN_000924aa,78,true
000924f2,FUN_000924f2,154,true
00092596,FUN_00092596,128,true
000925e2,FUN_000925e2,188,true
0009269a,FUN_0009269a,24,true
000926b2,FUN_000926b2,16,true
000926e4,FUN_000926e4,12,true
000926f0,FUN_000926f0,158,true
0009278e,FUN_0009278e,26,true
000927de,FUN_000927de,90,true
0009284c,FUN_0009284c,148,true
000928e0,FUN_000928e0,100,true
00092944,FUN_00092944,46,true
00092972,FUN_00092972,44,true
0009299e,FUN_0009299e,34,true
000929c0,FUN_000929c0,180,true
00092b24,FUN_00092b24,4,true
00092b28,FUN_00092b28,14,true
00092dc2,FUN_00092dc2,12,true
00092dce,FUN_00092dce,40,true
00092df6,FUN_00092df6,54,true
00092e72,FUN_00092e72,30,true
00092e90,FUN_00092e90,48,true
00092ec0,FUN_00092ec0,52,true
00092ef4,FUN_00092ef4,26,true
00092f0e,FUN_00092f0e,54,true
00092f78,FUN_00092f78,40,true
00092fa0,FUN_00092fa0,34,true
00092fc6,FUN_00092fc6,32,true
00092fe8,FUN_00092fe8,54,true
0009301e,FUN_0009301e,64,true
00093082,FUN_00093082,52,true
000930b6,FUN_000930b6,8,true
000930be,FUN_000930be,114,true
00093130,FUN_00093130,38,true
00093156,FUN_00093156,38,true
0009317c,FUN_0009317c,16,true
000931d6,FUN_000931d6,24,true
000931f2,FUN_000931f2,70,true
00093238,FUN_00093238,74,true
00093282,FUN_00093282,26,true
0009329e,FUN_0009329e,28,true
000932bc,FUN_000932bc,6,true
000932c8,FUN_000932c8,150,true
0009335e,FUN_0009335e,598,true
000935bc,FUN_000935bc,108,true
00093624,FUN_00093624,334,true
00093870,FUN_00093870,160,true
00093910,FUN_00093910,74,true
000939e4,FUN_000939e4,216,true
000939f6,FUN_000939f6,72,true
00093a3e,FUN_00093a3e,72,true
00093a86,FUN_00093a86,24,true
00093a9e,FUN_00093a9e,46,true
00093acc,FUN_00093acc,58,true
00093b06,FUN_00093b06,252,true
00093c02,FUN_00093c02,16,true
00093c12,FUN_00093c12,80,true
00093c62,FUN_00093c62,24,true
00093c7a,FUN_00093c7a,126,true
00093cf8,FUN_00093cf8,38,true
00093d1e,FUN_00093d1e,20,true
00093d32,FUN_00093d32,72,true
00093db2,FUN_00093db2,70,true
00093dc4,FUN_00093dc4,58,true
00093dfe,FUN_00093dfe,60,true
00093e3a,FUN_00093e3a,62,true
00093e78,FUN_00093e78,62,true
00093eb6,FUN_00093eb6,58,true
00093ef0,FUN_00093ef0,34,true
00093f12,FUN_00093f12,54,true
00093f48,FUN_00093f48,62,true
00093f86,FUN_00093f86,62,true
00093fc4,FUN_00093fc4,58,true
00093ffe,FUN_00093ffe,52,true
00094032,FUN_00094032,50,true
00094064,FUN_00094064,54,true
0009409a,FUN_0009409a,60,true
000940d6,FUN_000940d6,50,true
00094108,FUN_00094108,60,true
00094144,FUN_00094144,60,true
00094180,FUN_00094180,56,true
000941e0,FUN_000941e0,58,true
00094224,FUN_00094224,90,true
0009427e,FUN_0009427e,80,true
000942ce,FUN_000942ce,86,true
00094324,FUN_00094324,14,true
00094332,FUN_00094332,10,true
0009433c,FUN_0009433c,32,true
0009435c,FUN_0009435c,100,true
000943c2,thunk_FUN_00094332,2,true
000943c4,FUN_000943c4,186,true
0009447e,FUN_0009447e,346,true
000945d8,FUN_000945d8,42,true
0009460c,FUN_0009460c,40,true
00094634,FUN_00094634,158,true
000946d8,FUN_000946d8,56,true
00094710,FUN_00094710,6,true
00094716,FUN_00094716,6,true
0009471c,FUN_0009471c,6,true
00094722,FUN_00094722,6,true
00094728,FUN_00094728,42,true
00094752,FUN_00094752,8,true
0009475a,FUN_0009475a,8,true
00094762,FUN_00094762,8,true
0009476a,FUN_0009476a,8,true
00094772,FUN_00094772,14,true
00094838,FUN_00094838,10,true
00094842,FUN_00094842,120,true
000948ba,FUN_000948ba,4,true
000948be,FUN_000948be,24,true
000948d6,FUN_000948d6,4,true
000948ee,FUN_000948ee,46,true
0009491c,FUN_0009491c,66,true
00094990,FUN_00094990,18,true
000949a2,FUN_000949a2,6,true
000949a8,FUN_000949a8,6,true
000949ae,FUN_000949ae,20,true
000949d2,FUN_000949d2,44,true
000949fe,FUN_000949fe,32,true
00094a24,FUN_00094a24,54,true
00094a5a,FUN_00094a5a,28,true
00094a76,FUN_00094a76,96,true
00094ad6,FUN_00094ad6,48,true
00094b12,FUN_00094b12,156,true
00094bae,FUN_00094bae,66,true
00094bf8,thunk_FUN_00094c02,2,true
00094c02,FUN_00094c02,16,true
00094c0a,FUN_00094c0a,36,true
00094c2e,FUN_00094c2e,36,true
00094c52,FUN_00094c52,26,true
00094c6c,FUN_00094c6c,504,true
00094e7a,FUN_00094e7a,18,true
00094e8c,FUN_00094e8c,100,true
00094ef0,FUN_00094ef0,312,true
0009502c,FUN_0009502c,62,true
0009506a,FUN_0009506a,14,true
00095078,FUN_00095078,126,true
0009511c,FUN_0009511c,360,true
00095284,FUN_00095284,50,true
000952b6,FUN_000952b6,50,true
000952e8,FUN_000952e8,30,true
00095306,FUN_00095306,48,true
00095336,FUN_00095336,6,true
0009533c,FUN_0009533c,6,true
00095342,FUN_00095342,32,true
00095362,FUN_00095362,1432,true
00095908,FUN_00095908,44,true
00095934,FUN_00095934,46,true
00095962,FUN_00095962,46,true
00095990,FUN_00095990,22,true
000959a6,FUN_000959a6,14,true
000959f2,FUN_000959f2,24,true
00095a14,FUN_00095a14,54,true
00095aa6,FUN_00095aa6,62,true
00095ae4,FUN_00095ae4,22,true
00095afa,FUN_00095afa,32,true
00095b1a,FUN_00095b1a,48,true
00095b4a,FUN_00095b4a,8,true
00095b52,FUN_00095b52,8,true
00095b5a,FUN_00095b5a,8,true
00095be4,FUN_00095be4,6,true
00095c6c,FUN_00095c6c,50,true
00095c9e,FUN_00095c9e,116,true
00095d2a,FUN_00095d2a,136,true
00095db2,FUN_00095db2,96,true
00095e1c,FUN_00095e1c,190,true
00095eda,FUN_00095eda,76,true
00095f26,FUN_00095f26,80,true
00095f76,FUN_00095f76,6,true
00095f80,FUN_00095f80,4,true
00095f84,FUN_00095f84,4,true
00095f88,FUN_00095f88,4,true
00095f8c,FUN_00095f8c,90,true
00095fb0,FUN_00095fb0,16,true
00096044,FUN_00096044,6,true
0009604a,FUN_0009604a,6,true
00096050,FUN_00096050,12,true
0009605c,FUN_0009605c,22,true
00096072,FUN_00096072,126,true
000960f0,thunk_FUN_00096072,2,true
000960f2,thunk_FUN_00096072,2,true
000960f4,FUN_000960f4,8,true
000960fc,FUN_000960fc,8,true
00096114,FUN_00096114,44,true
00096140,FUN_00096140,40,true
00096168,FUN_00096168,56,true
000961a0,FUN_000961a0,56,true
000961d8,FUN_000961d8,42,true
00096202,FUN_00096202,14,true
00096210,FUN_00096210,68,true
00096254,FUN_00096254,68,true
00096298,FUN_00096298,68,true
000962dc,FUN_000962dc,68,true
0009649a,FUN_0009649a,44,true
000964e8,FUN_000964e8,42,true
00096512,FUN_00096512,56,true
0009654a,FUN_0009654a,56,true
00096582,FUN_00096582,56,true
000965ba,FUN_000965ba,56,true
000965f2,FUN_000965f2,16,true
00096604,FUN_00096604,106,true
0009666e,thunk_FUN_00096604,2,true
00096676,FUN_00096676,170,true
00096720,FUN_00096720,12,true
0009672c,FUN_0009672c,12,true
00096738,FUN_00096738,12,true
00096744,FUN_00096744,12,true
00096750,FUN_00096750,64,true
00096790,thunk_FUN_00096750,2,true
00096796,thunk_FUN_00096750,2,true
00096798,FUN_00096798,164,true
0009683c,FUN_0009683c,18,true
0009684e,FUN_0009684e,18,true
00096860,FUN_00096860,18,true
00096872,FUN_00096872,18,true
00096884,FUN_00096884,18,true
00096896,FUN_00096896,18,true
000968a8,FUN_000968a8,18,true
000968ba,FUN_000968ba,18,true
000968cc,FUN_000968cc,18,true
000968f0,FUN_000968f0,92,true
0009694c,thunk_FUN_000968f0,2,true
00096954,FUN_00096954,128,true
000969d6,FUN_000969d6,12,true
000969e2,FUN_000969e2,12,true
000969ee,FUN_000969ee,12,true
00096a06,FUN_00096a06,46,true
00096a34,FUN_00096a34,26,true
00096a4e,FUN_00096a4e,24,true
00096a66,FUN_00096a66,24,true
00096a7e,FUN_00096a7e,76,true
00096aca,FUN_00096aca,76,true
00096b16,FUN_00096b16,76,true
00096bae,FUN_00096bae,26,true
00096bca,FUN_00096bca,26,true
00096be6,FUN_00096be6,42,true
00096c10,FUN_00096c10,96,true
00096c70,FUN_00096c70,96,true
00096cd4,FUN_00096cd4,6,true
00096cde,FUN_00096cde,10,true
00096ce8,FUN_00096ce8,18,true
00096d46,FUN_00096d46,28,true
00096d62,FUN_00096d62,16,true
00096d72,FUN_00096d72,6,true
00096d78,FUN_00096d78,32,true
00096d98,FUN_00096d98,12,true
00096da4,FUN_00096da4,16,true
00096db4,FUN_00096db4,80,true
00096e04,FUN_00096e04,336,true
00096f5e,FUN_00096f5e,6,true
00096f64,FUN_00096f64,80,true
00096fcc,FUN_00096fcc,22,true
00096fe2,FUN_00096fe2,14,true
00096ff0,FUN_00096ff0,60,true
00097054,FUN_00097054,118,true
00097194,FUN_00097194,28,true
000971b0,FUN_000971b0,6,true
000971bc,FUN_000971bc,48,true
000971ec,FUN_000971ec,6,true
000971f2,FUN_000971f2,376,true
0009736a,FUN_0009736a,24,true
00097382,FUN_00097382,80,true
000973d2,FUN_000973d2,6,true
000973d8,FUN_000973d8,176,true
0009751a,FUN_0009751a,26,true
00097534,FUN_00097534,72,true
0009757c,FUN_0009757c,64,true
000975bc,FUN_000975bc,134,true
000975c2,FUN_000975c2,8,true
000975ca,FUN_000975ca,32,true
00097666,FUN_00097666,6,true
0009766c,FUN_0009766c,6,true
00097672,FUN_00097672,8,true
0009767a,FUN_0009767a,8,true
00097682,FUN_00097682,8,true
0009768a,FUN_0009768a,8,true
00097692,FUN_00097692,6,true
00097698,FUN_00097698,6,true
000976a4,FUN_000976a4,26,true
000976be,FUN_000976be,26,true
000976d8,FUN_000976d8,6,true
000976de,FUN_000976de,6,true
000976e4,FUN_000976e4,6,true
000976ea,FUN_000976ea,12,true
000976f6,FUN_000976f6,6,true
000976fc,FUN_000976fc,6,true
00097702,FUN_00097702,146,true
00097796,FUN_00097796,30,true
00097824,FUN_00097824,58,true
0009785e,FUN_0009785e,92,true
000978ba,FUN_000978ba,108,true
00097926,FUN_00097926,92,true
00097982,FUN_00097982,374,true
00097b06,FUN_00097b06,32,true
00097b26,FUN_00097b26,42,true
00097b50,FUN_00097b50,38,true
00097b76,FUN_00097b76,38,true
00097bd8,FUN_00097bd8,54,true
00097c82,thunk_FUN_000e2f86,4,true
00097c86,thunk_FUN_000e2f96,4,true
00097c8a,FUN_00097c8a,6,true
00097c96,FUN_00097c96,88,true
00097cfa,FUN_00097cfa,122,true
00097d1e,FUN_00097d1e,50,true
00097d24,FUN_00097d24,14,true
00097d2a,FUN_00097d2a,14,true
00097d30,FUN_00097d30,14,true
00097d36,FUN_00097d36,14,true
00097d3c,FUN_00097d3c,14,true
00097d42,FUN_00097d42,14,true
00097d48,thunk_FUN_00024fb0,4,true
00097d4c,thunk_FUN_00024fc4,4,true
00097d50,FUN_00097d50,50,true
00097dea,FUN_00097dea,12,true
00097df6,FUN_00097df6,12,true
00097e02,FUN_00097e02,12,true
00097e0e,FUN_00097e0e,16,true
00097e1e,FUN_00097e1e,22,true
00097e34,FUN_00097e34,8,true
00097e3c,FUN_00097e3c,32,true
00097e5c,FUN_00097e5c,52,true
00097eea,FUN_00097eea,56,true
00097f1e,FUN_00097f1e,8,true
00097f32,FUN_00097f32,50,true
00097f38,FUN_00097f38,50,true
00097f3e,FUN_00097f3e,14,true
00097f4a,FUN_00097f4a,50,true
00097f50,FUN_00097f50,50,true
00097f56,FUN_00097f56,6,true
00097f5c,FUN_00097f5c,50,true
00097f62,FUN_00097f62,104,true
00097fe8,FUN_00097fe8,56,true
00098026,FUN_00098026,26,true
00098040,FUN_00098040,62,true
0009807e,FUN_0009807e,134,true
0009810a,FUN_0009810a,172,true
000981c0,FUN_000981c0,48,true
0009821a,FUN_0009821a,30,true
0009826c,FUN_0009826c,106,true
000982a2,FUN_000982a2,38,true
000982c8,FUN_000982c8,58,true
00098302,FUN_00098302,38,true
00098328,FUN_00098328,24,true
00098340,FUN_00098340,84,true
00098394,FUN_00098394,22,true
000983aa,FUN_000983aa,42,true
000983d4,FUN_000983d4,38,true
00098408,FUN_00098408,22,true
0009841e,FUN_0009841e,42,true
00098448,FUN_00098448,38,true
0009849c,FUN_0009849c,38,true
000984c2,FUN_000984c2,74,true
0009850c,FUN_0009850c,30,true
0009852a,FUN_0009852a,36,true
0009854e,FUN_0009854e,28,true
0009856a,FUN_0009856a,22,true
00098580,FUN_00098580,14,true
0009858e,FUN_0009858e,36,true
000985b2,FUN_000985b2,28,true
000985ce,FUN_000985ce,22,true
000985e4,FUN_000985e4,124,true
00098676,FUN_00098676,48,true
000986a6,FUN_000986a6,50,true
000986d8,FUN_000986d8,74,true
00098722,FUN_00098722,8,true
0009872a,FUN_0009872a,16,true
0009873a,FUN_0009873a,22,true
00098750,FUN_00098750,14,true
0009875e,FUN_0009875e,20,true
00098772,FUN_00098772,20,true
0009878a,FUN_0009878a,4,true
0009879c,FUN_0009879c,4,true
000987a0,FUN_000987a0,4,true
000987a4,FUN_000987a4,10,true
000987ae,FUN_000987ae,6,true
000987b8,FUN_000987b8,14,true
000987cc,FUN_000987cc,16,true
000987dc,FUN_000987dc,20,true
000987f0,FUN_000987f0,20,true
00098804,FUN_00098804,20,true
00098830,FUN_00098830,12,true
00098848,FUN_00098848,140,true
000988d4,FUN_000988d4,116,true
00098948,FUN_00098948,290,true
00098ac4,FUN_00098ac4,322,true
00098c06,FUN_00098c06,536,true
00098e24,FUN_00098e24,16,true
00098e34,FUN_00098e34,22,true
00098e4a,FUN_00098e4a,20,true
00098e5e,FUN_00098e5e,20,true
00098e72,FUN_00098e72,20,true
00098e86,FUN_00098e86,20,true
00098e9a,FUN_00098e9a,20,true
00098eae,FUN_00098eae,20,true
00098ec2,FUN_00098ec2,20,true
00098ed6,FUN_00098ed6,20,true
00098eea,FUN_00098eea,20,true
00098efe,FUN_00098efe,20,true
00098f12,FUN_00098f12,20,true
00098f26,FUN_00098f26,20,true
00098f3a,FUN_00098f3a,20,true
00098f4e,FUN_00098f4e,26,true
00098f68,FUN_00098f68,110,true
000990a8,FUN_000990a8,128,true
00099130,FUN_00099130,118,true
000991a6,FUN_000991a6,116,true
0009921a,FUN_0009921a,116,true
00099310,FUN_00099310,116,true
00099384,FUN_00099384,4,true
00099388,FUN_00099388,4,true
0009938c,FUN_0009938c,4,true
00099390,FUN_00099390,20,true
000993a4,FUN_000993a4,12,true
000993d4,FUN_000993d4,4,true
0009942c,FUN_0009942c,116,true
000994b2,FUN_000994b2,6,true
0009955a,FUN_0009955a,30,true
000995a0,FUN_000995a0,4,true
000995a4,FUN_000995a4,38,true
000995ca,FUN_000995ca,20,true
000995e2,FUN_000995e2,66,true
00099624,FUN_00099624,56,true
0009965c,FUN_0009965c,26,true
000996a8,FUN_000996a8,70,true
000996ea,FUN_000996ea,28,true
00099760,FUN_00099760,30,true
0009977e,FUN_0009977e,70,true
0009981a,FUN_0009981a,10,true
00099824,FUN_00099824,38,true
0009984a,FUN_0009984a,118,true
000998c0,FUN_000998c0,12,true
000998cc,FUN_000998cc,8,true
000998d4,FUN_000998d4,6,true
000998da,FUN_000998da,8,true
000998e2,FUN_000998e2,8,true
000998ea,FUN_000998ea,66,true
0009992c,FUN_0009992c,50,true
0009995e,FUN_0009995e,60,true
0009999a,FUN_0009999a,72,true
000999e2,FUN_000999e2,70,true
00099a28,FUN_00099a28,926,true
00099dee,FUN_00099dee,68,true
00099e32,FUN_00099e32,224,true
00099f12,FUN_00099f12,130,true
00099f94,FUN_00099f94,270,true
0009a0ca,FUN_0009a0ca,94,true
0009a128,FUN_0009a128,96,true
0009a188,FUN_0009a188,36,true
0009a1ac,FUN_0009a1ac,92,true
0009a208,FUN_0009a208,208,true
0009a2d8,FUN_0009a2d8,106,true
0009a342,FUN_0009a342,206,true
0009a410,FUN_0009a410,330,true
0009a570,FUN_0009a570,260,true
0009a674,FUN_0009a674,82,true
0009a6c6,FUN_0009a6c6,542,true
0009a8f0,FUN_0009a8f0,154,true
0009a98a,FUN_0009a98a,426,true
0009ab34,FUN_0009ab34,264,true
0009ac3c,FUN_0009ac3c,6,true
0009ac42,FUN_0009ac42,422,true
0009ae3e,FUN_0009ae3e,332,true
0009af8a,FUN_0009af8a,2102,true
0009b816,FUN_0009b816,62,true
0009b854,FUN_0009b854,38,true
0009b87a,FUN_0009b87a,122,true
0009b8f4,FUN_0009b8f4,76,true
0009b980,FUN_0009b980,270,true
0009ba8e,FUN_0009ba8e,6,true
0009ba94,FUN_0009ba94,6,true
0009ba9a,FUN_0009ba9a,6,true
0009baa0,FUN_0009baa0,6,true
0009baa6,FUN_0009baa6,8,true
0009baae,FUN_0009baae,6,true
0009bab4,FUN_0009bab4,6,true
0009baba,FUN_0009baba,68,true
0009bafe,FUN_0009bafe,306,true
0009bc30,FUN_0009bc30,180,true
0009bce4,FUN_0009bce4,20,true
0009bcf8,FUN_0009bcf8,54,true
0009bd2e,FUN_0009bd2e,106,true
0009bdc4,FUN_0009bdc4,156,true
0009be60,FUN_0009be60,14,true
0009be6e,FUN_0009be6e,44,true
0009be9a,FUN_0009be9a,162,true
0009bf3c,FUN_0009bf3c,14,true
0009bf4a,FUN_0009bf4a,24,true
0009bf62,FUN_0009bf62,414,true
0009c100,FUN_0009c100,162,true
0009c1a2,FUN_0009c1a2,26,true
0009c1d4,FUN_0009c1d4,306,true
0009c306,FUN_0009c306,102,true
0009c36c,FUN_0009c36c,32,true
0009c38c,FUN_0009c38c,46,true
0009c3ba,FUN_0009c3ba,8,true
0009c3c2,FUN_0009c3c2,8,true
0009c3ca,FUN_0009c3ca,6,true
0009c3d0,FUN_0009c3d0,8,true
0009c3d8,FUN_0009c3d8,6,true
0009c3de,FUN_0009c3de,6,true
0009c3e4,FUN_0009c3e4,6,true
0009c3ea,FUN_0009c3ea,6,true
0009c3f0,FUN_0009c3f0,22,true
0009c406,FUN_0009c406,22,true
0009c41c,FUN_0009c41c,22,true
0009c432,FUN_0009c432,14,true
0009c440,FUN_0009c440,8,true
0009c448,FUN_0009c448,230,true
0009c52e,FUN_0009c52e,118,true
0009c5a4,FUN_0009c5a4,20,true
0009c5c8,FUN_0009c5c8,20,true
0009c5dc,FUN_0009c5dc,8,true
0009c5e4,FUN_0009c5e4,66,true
0009c626,FUN_0009c626,196,true
0009c6c6,FUN_0009c6c6,44,true
0009c6f2,FUN_0009c6f2,180,true
0009c7a6,FUN_0009c7a6,242,true
0009c898,FUN_0009c898,100,true
0009c8fc,FUN_0009c8fc,376,true
0009caa6,FUN_0009caa6,78,true
0009caf4,FUN_0009caf4,8,true
0009cafc,FUN_0009cafc,18,true
0009cb0e,FUN_0009cb0e,38,true
0009cb34,FUN_0009cb34,88,true
0009cb8c,FUN_0009cb8c,56,true
0009cbc4,FUN_0009cbc4,8,true
0009cbd4,FUN_0009cbd4,8,true
0009cbdc,FUN_0009cbdc,10,true
0009cbe6,FUN_0009cbe6,16,true
0009cbf6,FUN_0009cbf6,20,true
0009cc2e,FUN_0009cc2e,20,true
0009cc42,FUN_0009cc42,124,true
0009ccbe,FUN_0009ccbe,34,true
0009cce0,FUN_0009cce0,108,true
0009cd4c,FUN_0009cd4c,144,true
0009cdf0,FUN_0009cdf0,114,true
0009ce6c,FUN_0009ce6c,2,true
0009ce6e,FUN_0009ce6e,24,true
0009ce86,FUN_0009ce86,46,true
0009ceb4,FUN_0009ceb4,38,true
0009ceda,FUN_0009ceda,122,true
0009cf54,FUN_0009cf54,144,true
0009cfe6,FUN_0009cfe6,118,true
0009d05c,FUN_0009d05c,166,true
0009d102,FUN_0009d102,436,true
0009d288,FUN_0009d288,8,true
0009d290,FUN_0009d290,50,true
0009d2c2,FUN_0009d2c2,108,true
0009d32e,FUN_0009d32e,20,true
0009d342,FUN_0009d342,56,true
0009d37a,FUN_0009d37a,70,true
0009d3c0,FUN_0009d3c0,36,true
0009d438,FUN_0009d438,102,true
0009d44a,FUN_0009d44a,86,true
0009d4a0,FUN_0009d4a0,34,true
0009d4c2,FUN_0009d4c2,16,true
0009d4d2,FUN_0009d4d2,92,true
0009d52e,FUN_0009d52e,160,true
0009d5ce,FUN_0009d5ce,44,true
0009d5fa,FUN_0009d5fa,156,true
0009d6ae,FUN_0009d6ae,48,true
0009d752,FUN_0009d752,180,true
0009d792,FUN_0009d792,98,true
0009d7f4,FUN_0009d7f4,212,true
0009d968,FUN_0009d968,208,true
0009d998,FUN_0009d998,156,true
0009da34,FUN_0009da34,48,true
0009da64,FUN_0009da64,424,true
0009dc2c,FUN_0009dc2c,330,true
0009dd76,FUN_0009dd76,18,true
0009dd88,FUN_0009dd88,54,true
0009ddbe,FUN_0009ddbe,266,true
0009decc,FUN_0009decc,42,true
0009df28,FUN_0009df28,16,true
0009df38,FUN_0009df38,34,true
0009df5a,FUN_0009df5a,122,true
0009dfd4,FUN_0009dfd4,46,true
0009e002,FUN_0009e002,8,true
0009e00a,FUN_0009e00a,6,true
0009e010,FUN_0009e010,204,true
0009e0e2,FUN_0009e0e2,18,true
0009e0f4,FUN_0009e0f4,276,true
0009e208,FUN_0009e208,86,true
0009e25e,FUN_0009e25e,54,true
0009e294,FUN_0009e294,154,true
0009e344,FUN_0009e344,34,true
0009e366,FUN_0009e366,290,true
0009e488,FUN_0009e488,206,true
0009e556,FUN_0009e556,300,true
0009e682,FUN_0009e682,242,true
0009e774,FUN_0009e774,302,true
0009e8a2,FUN_0009e8a2,254,true
0009e9a4,FUN_0009e9a4,248,true
0009ea9c,FUN_0009ea9c,372,true
0009ec12,FUN_0009ec12,268,true
0009ed1e,FUN_0009ed1e,520,true
0009ef3a,FUN_0009ef3a,122,true
0009efb4,FUN_0009efb4,8,true
0009efbc,FUN_0009efbc,130,true
0009f044,FUN_0009f044,114,true
0009f0b6,FUN_0009f0b6,142,true
0009f144,FUN_0009f144,12,true
0009f150,FUN_0009f150,54,true
0009f186,FUN_0009f186,26,true
0009f1a0,FUN_0009f1a0,136,true
0009f236,FUN_0009f236,102,true
0009f29c,thunk_EXT_FUN_20006472,10,true
0009f2b0,thunk_EXT_FUN_20006126,10,true
0009f2ba,thunk_EXT_FUN_200060c6,10,true
0009f2c4,thunk_EXT_FUN_20006192,10,true
0009f2ce,thunk_EXT_FUN_2000620e,10,true
0009f2d8,thunk_EXT_FUN_200062da,10,true
0009f2e2,thunk_EXT_FUN_20006000,10,true
0009f2f4,FUN_0009f2f4,10,true
0009f2fe,FUN_0009f2fe,26,true
0009f318,FUN_0009f318,150,true
0009f3ae,FUN_0009f3ae,6,true
0009f3b4,FUN_0009f3b4,6,true
0009f3ba,FUN_0009f3ba,8,true
0009f484,FUN_0009f484,270,true
0009f4dc,FUN_0009f4dc,8,true
0009f4e4,FUN_0009f4e4,232,true
0009f5cc,FUN_0009f5cc,280,true
0009f6f4,FUN_0009f6f4,150,true
0009f78a,FUN_0009f78a,330,true
0009f8d6,FUN_0009f8d6,58,true
0009f910,FUN_0009f910,64,true
0009f942,FUN_0009f942,180,true
0009f9f6,FUN_0009f9f6,160,true
0009fa96,FUN_0009fa96,126,true
0009fb28,FUN_0009fb28,328,true
0009fc70,FUN_0009fc70,192,true
0009fd30,FUN_0009fd30,48,true
0009fd60,FUN_0009fd60,6,true
0009fd66,FUN_0009fd66,38,true
0009fdb4,FUN_0009fdb4,170,true
0009fe5e,FUN_0009fe5e,332,true
0009ffb6,FUN_0009ffb6,194,true
000a0078,FUN_000a0078,714,true
000a0342,FUN_000a0342,168,true
000a03ea,FUN_000a03ea,938,true
000a07ac,FUN_000a07ac,270,true
000a08c8,FUN_000a08c8,14,true
000a08d6,FUN_000a08d6,634,true
000a0b50,FUN_000a0b50,460,true
000a0d2e,FUN_000a0d2e,100,true
000a14fa,FUN_000a14fa,1898,true
000a1518,FUN_000a1518,280,true
000a1630,FUN_000a1630,94,true
000a168e,FUN_000a168e,38,true
000a16b4,FUN_000a16b4,56,true
000a16ec,FUN_000a16ec,74,true
000a1736,FUN_000a1736,112,true
000a17a6,FUN_000a17a6,92,true
000a1802,FUN_000a1802,28,true
000a181e,FUN_000a181e,46,true
000a184c,FUN_000a184c,18,true
000a185e,FUN_000a185e,24,true
000a1876,FUN_000a1876,110,true
000a18fc,FUN_000a18fc,30,true
000a191a,FUN_000a191a,12,true
000a1926,FUN_000a1926,146,true
000a19cc,FUN_000a19cc,6,true
000a19d6,FUN_000a19d6,10,true
000a19e0,FUN_000a19e0,18,true
000a1a3e,FUN_000a1a3e,32,true
000a1a5e,FUN_000a1a5e,36,true
000a1a82,FUN_000a1a82,30,true
000a1aa0,FUN_000a1aa0,144,true
000a1b68,FUN_000a1b68,28,true
000a1b84,FUN_000a1b84,30,true
000a1ba2,FUN_000a1ba2,16,true
000a1bb2,FUN_000a1bb2,30,true
000a1bd0,FUN_000a1bd0,30,true
000a1bee,FUN_000a1bee,30,true
000a1c0c,FUN_000a1c0c,30,true
000a1c2a,FUN_000a1c2a,30,true
000a1c48,FUN_000a1c48,44,true
000a1c74,FUN_000a1c74,30,true
000a1c92,FUN_000a1c92,38,true
000a1cb8,FUN_000a1cb8,38,true
000a1cde,FUN_000a1cde,34,true
000a1d00,FUN_000a1d00,30,true
000a1d1e,FUN_000a1d1e,30,true
000a1d3c,FUN_000a1d3c,30,true
000a1d5a,FUN_000a1d5a,30,true
000a1d78,FUN_000a1d78,30,true
000a1d96,FUN_000a1d96,30,true
000a1f54,FUN_000a1f54,68,true
000a1f98,FUN_000a1f98,16,true
000a1fa8,FUN_000a1fa8,6,true
000a1fae,thunk_FUN_000b01d0,4,true
000a1fb2,FUN_000a1fb2,48,true
000a1fe2,FUN_000a1fe2,100,true
000a2058,FUN_000a2058,382,true
000a2202,FUN_000a2202,28,true
000a221e,FUN_000a221e,28,true
000a223a,FUN_000a223a,28,true
000a2256,FUN_000a2256,28,true
000a2272,FUN_000a2272,34,true
000a2294,FUN_000a2294,28,true
000a22b0,thunk_FUN_000ac344,4,true
000a22b4,FUN_000a22b4,28,true
000a22d0,FUN_000a22d0,24,true
000a22e8,FUN_000a22e8,24,true
000a2300,FUN_000a2300,28,true
000a231c,FUN_000a231c,28,true
000a2338,FUN_000a2338,28,true
000a2354,FUN_000a2354,28,true
000a2370,FUN_000a2370,28,true
000a238c,FUN_000a238c,28,true
000a23a8,FUN_000a23a8,28,true
000a23c4,FUN_000a23c4,148,true
000a2458,FUN_000a2458,40,true
000a2480,FUN_000a2480,56,true
000a24b8,FUN_000a24b8,40,true
000a24e0,FUN_000a24e0,40,true
000a2508,FUN_000a2508,40,true
000a2558,FUN_000a2558,40,true
000a2580,FUN_000a2580,40,true
000a25a8,FUN_000a25a8,40,true
000a267c,FUN_000a267c,40,true
000a26a4,FUN_000a26a4,40,true
000a26cc,FUN_000a26cc,40,true
000a26f4,FUN_000a26f4,40,true
000a271c,FUN_000a271c,40,true
000a276c,FUN_000a276c,340,true
000a27d0,FUN_000a27d0,40,true
000a2820,FUN_000a2820,40,true
000a2848,FUN_000a2848,40,true
000a2870,FUN_000a2870,42,true
000a289a,FUN_000a289a,34,true
000a28e6,FUN_000a28e6,42,true
000a2950,FUN_000a2950,36,true
000a2974,FUN_000a2974,34,true
000a2996,FUN_000a2996,32,true
000a29b6,FUN_000a29b6,34,true
000a29d8,FUN_000a29d8,38,true
000a2a04,FUN_000a2a04,34,true
000a2a26,FUN_000a2a26,26,true
000a2a3e,FUN_000a2a3e,24,true
000a2a56,FUN_000a2a56,24,true
000a2a6e,FUN_000a2a6e,30,true
000a2a8c,FUN_000a2a8c,40,true
000a2ab4,FUN_000a2ab4,38,true
000a2ada,FUN_000a2ada,56,true
000a2b12,FUN_000a2b12,16,true
000a2b22,FUN_000a2b22,24,true
000a2b8a,FUN_000a2b8a,24,true
000a2c1a,FUN_000a2c1a,40,true
000a2c42,FUN_000a2c42,40,true
000a2c6a,FUN_000a2c6a,40,true
000a2c92,FUN_000a2c92,32,true
000a2cb2,FUN_000a2cb2,32,true
000a2cd2,FUN_000a2cd2,32,true
000a2cf2,FUN_000a2cf2,32,true
000a2d18,FUN_000a2d18,8,true
000a2d20,FUN_000a2d20,40,true
000a2d48,FUN_000a2d48,50,true
000a2d7a,FUN_000a2d7a,62,true
000a2db8,FUN_000a2db8,18,true
000a2dca,FUN_000a2dca,20,true
000a2dde,FUN_000a2dde,96,true
000a2e3e,FUN_000a2e3e,86,true
000a2e94,FUN_000a2e94,68,true
000a2ed8,FUN_000a2ed8,72,true
000a2f20,FUN_000a2f20,32,true
000a2f40,FUN_000a2f40,32,true
000a2f60,FUN_000a2f60,28,true
000a2fa0,FUN_000a2fa0,68,true
000a2fe4,FUN_000a2fe4,26,true
000a2ffe,FUN_000a2ffe,26,true
000a3018,FUN_000a3018,24,true
000a3030,FUN_000a3030,100,true
000a309c,FUN_000a309c,26,true
000a30b8,FUN_000a30b8,144,true
000a315c,FUN_000a315c,36,true
000a3180,FUN_000a3180,32,true
000a31a0,FUN_000a31a0,28,true
000a31bc,FUN_000a31bc,26,true
000a31d8,FUN_000a31d8,22,true
000a3200,FUN_000a3200,76,true
000a324c,FUN_000a324c,82,true
000a329e,FUN_000a329e,50,true
000a32d8,FUN_000a32d8,82,true
000a332a,FUN_000a332a,22,true
000a334c,FUN_000a334c,482,true
000a352e,FUN_000a352e,490,true
000a3612,FUN_000a3612,368,true
000a3782,FUN_000a3782,20,true
000a38b6,FUN_000a38b6,116,true
000a392a,FUN_000a392a,140,true
000a3b84,FUN_000a3b84,6,true
000a3b8a,FUN_000a3b8a,208,true
000a3e3c,FUN_000a3e3c,98,true
000a3e9e,FUN_000a3e9e,38,true
000a3ec4,FUN_000a3ec4,40,true
000a3eec,FUN_000a3eec,24,true
000a3f06,FUN_000a3f06,54,true
000a3f3c,FUN_000a3f3c,8,true
000a3f44,FUN_000a3f44,16,true
000a3f54,FUN_000a3f54,18,true
000a3f88,FUN_000a3f88,6,true
000a3f8e,FUN_000a3f8e,94,true
000a3fec,FUN_000a3fec,6,true
000a3ff2,FUN_000a3ff2,20,true
000a4006,FUN_000a4006,8,true
000a400e,FUN_000a400e,34,true
000a4030,FUN_000a4030,6,true
000a4036,FUN_000a4036,6,true
000a403c,FUN_000a403c,62,true
000a4082,FUN_000a4082,6,true
000a4088,FUN_000a4088,8,true
000a4090,FUN_000a4090,8,true
000a4098,FUN_000a4098,54,true
000a40ce,FUN_000a40ce,12,true
000a40da,FUN_000a40da,84,true
000a412e,FUN_000a412e,6,true
000a413a,FUN_000a413a,6,true
000a4140,FUN_000a4140,6,true
000a4146,FUN_000a4146,6,true
000a4160,FUN_000a4160,8,true
000a4170,FUN_000a4170,8,true
000a4178,FUN_000a4178,6,true
000a417e,FUN_000a417e,106,true
000a4362,FUN_000a4362,538,true
000a4412,FUN_000a4412,334,true
000a4560,FUN_000a4560,20,true
000a4574,FUN_000a4574,114,true
000a45e6,FUN_000a45e6,316,true
000a4722,FUN_000a4722,10,true
000a472c,FUN_000a472c,428,true
000a48f2,FUN_000a48f2,412,true
000a4a8e,FUN_000a4a8e,502,true
000a4c9c,FUN_000a4c9c,232,true
000a4d84,FUN_000a4d84,844,true
000a50f0,FUN_000a50f0,160,true
000a5190,FUN_000a5190,396,true
000a52b6,FUN_000a52b6,30,true
000a52d4,FUN_000a52d4,4,true
000a52d8,FUN_000a52d8,6,true
000a52de,FUN_000a52de,8,true
000a52e6,FUN_000a52e6,8,true
000a52ee,FUN_000a52ee,8,true
000a52f6,FUN_000a52f6,6,true
000a52fc,FUN_000a52fc,8,true
000a5304,FUN_000a5304,10,true
000a530e,FUN_000a530e,28,true
000a532a,FUN_000a532a,22,true
000a5340,FUN_000a5340,26,true
000a535a,FUN_000a535a,74,true
000a53a4,FUN_000a53a4,6,true
000a53aa,FUN_000a53aa,10,true
000a53b4,FUN_000a53b4,8,true
000a53bc,FUN_000a53bc,8,true
000a53c4,FUN_000a53c4,204,true
000a5490,FUN_000a5490,18,true
000a54cc,FUN_000a54cc,36,true
000a54f0,FUN_000a54f0,26,true
000a550a,FUN_000a550a,52,true
000a5656,FUN_000a5656,82,true
000a56a8,FUN_000a56a8,98,true
000a570a,FUN_000a570a,80,true
000a575a,FUN_000a575a,96,true
000a57ba,FUN_000a57ba,104,true
000a5872,FUN_000a5872,4,true
000a587a,FUN_000a587a,38,true
000a5888,FUN_000a5888,52,true
000a58bc,FUN_000a58bc,22,true
000a5908,FUN_000a5908,98,true
000a596a,FUN_000a596a,20,true
000a5a06,FUN_000a5a06,104,true
000a5a72,FUN_000a5a72,526,true
000a5a8e,FUN_000a5a8e,22,true
000a5aa4,FUN_000a5aa4,128,true
000a5b2c,FUN_000a5b2c,70,true
000a5c38,FUN_000a5c38,120,true
000a5c90,FUN_000a5c90,20,true
000a5ca4,FUN_000a5ca4,48,true
000a5cd4,FUN_000a5cd4,134,true
000a5dce,FUN_000a5dce,48,true
000a5dfe,FUN_000a5dfe,810,true
000a5e1e,FUN_000a5e1e,26,true
000a5e38,FUN_000a5e38,24,true
000a5e50,FUN_000a5e50,24,true
000a5e68,FUN_000a5e68,22,true
000a5e7e,FUN_000a5e7e,24,true
000a5e96,FUN_000a5e96,22,true
000a5eac,FUN_000a5eac,6,true
000a5eb2,FUN_000a5eb2,6,true
000a5f7c,FUN_000a5f7c,6,true
000a5f8c,FUN_000a5f8c,48,true
000a5fbc,FUN_000a5fbc,14,true
000a6090,FUN_000a6090,56,true
000a60c8,FUN_000a60c8,78,true
000a6116,FUN_000a6116,58,true
000a6150,FUN_000a6150,50,true
000a6182,FUN_000a6182,30,true
000a6472,FUN_000a6472,30,true
000a690c,FUN_000a690c,6,true
000a6920,FUN_000a6920,18,true
000a697e,FUN_000a697e,20,true
000a69a8,FUN_000a69a8,42,true
000a69dc,FUN_000a69dc,66,true
000a6a1e,FUN_000a6a1e,6,true
000a6a24,FUN_000a6a24,46,true
000a6a48,FUN_000a6a48,40,true
000a6a66,FUN_000a6a66,16,true
000a6a80,FUN_000a6a80,50,true
000a6ab2,FUN_000a6ab2,46,true
000a6ae0,FUN_000a6ae0,4,true
000a6ae4,FUN_000a6ae4,6,true
000a6aea,FUN_000a6aea,6,true
000a6af0,FUN_000a6af0,60,true
000a6b2c,FUN_000a6b2c,78,true
000a6b7c,FUN_000a6b7c,28,true
000a6b98,FUN_000a6b98,32,true
000a6bf2,FUN_000a6bf2,80,true
000a6c44,FUN_000a6c44,244,true
000a6d60,FUN_000a6d60,84,true
000a6db4,FUN_000a6db4,28,true
000a6dd0,FUN_000a6dd0,50,true
000a6e04,thunk_FUN_000e86f4,4,true
000a6e08,FUN_000a6e08,24,true
000a6e20,FUN_000a6e20,10,true
000a6e40,FUN_000a6e40,46,true
000a6e82,FUN_000a6e82,40,true
000a6ec4,FUN_000a6ec4,16,true
000a6ed4,FUN_000a6ed4,92,true
000a6f30,FUN_000a6f30,46,true
000a7004,FUN_000a7004,4,true
000a7008,FUN_000a7008,36,true
000a702c,FUN_000a702c,28,true
000a706c,FUN_000a706c,38,true
000a7092,FUN_000a7092,52,true
000a70c6,FUN_000a70c6,12,true
000a70d2,FUN_000a70d2,10,true
000a70dc,FUN_000a70dc,8,true
000a70e4,FUN_000a70e4,8,true
000a7136,FUN_000a7136,4,true
000a713a,FUN_000a713a,62,true
000a7178,FUN_000a7178,64,true
000a71da,FUN_000a71da,204,true
000a72a6,FUN_000a72a6,34,true
000a72c8,FUN_000a72c8,12,true
000a72d4,FUN_000a72d4,16,true
000a7314,FUN_000a7314,16,true
000a7324,FUN_000a7324,16,true
000a7334,FUN_000a7334,16,true
000a7344,FUN_000a7344,16,true
000a7358,FUN_000a7358,6,true
000a736c,FUN_000a736c,18,true
000a73ca,FUN_000a73ca,4,true
000a73ce,FUN_000a73ce,4,true
000a73d2,FUN_000a73d2,34,true
000a73f4,FUN_000a73f4,40,true
000a741c,FUN_000a741c,36,true
000a7440,FUN_000a7440,16,true
000a744c,FUN_000a744c,10,true
000a7456,FUN_000a7456,56,true
000a748e,FUN_000a748e,240,true
000a76e2,FUN_000a76e2,2564,true
000a802c,FUN_000a802c,70,true
000a8072,FUN_000a8072,410,true
000a809e,FUN_000a809e,90,true
000a80f8,FUN_000a80f8,126,true
000a8176,FUN_000a8176,32,true
000a8290,FUN_000a8290,114,true
000a8302,FUN_000a8302,54,true
000a8338,FUN_000a8338,32,true
000a849c,FUN_000a849c,30,true
000a84ba,FUN_000a84ba,86,true
000a854c,FUN_000a854c,22,true
000a8558,FUN_000a8558,22,true
000a856e,FUN_000a856e,26,true
000a85da,FUN_000a85da,30,true
000a85f8,FUN_000a85f8,230,true
000a86de,FUN_000a86de,54,true
000a874a,FUN_000a874a,44,true
000a8794,FUN_000a8794,18,true
000a87a6,FUN_000a87a6,66,true
000a87e8,FUN_000a87e8,8,true
000a88c2,FUN_000a88c2,200,true
000a88e2,FUN_000a88e2,26,true
000a8904,FUN_000a8904,28,true
000a8918,FUN_000a8918,20,true
000a8b28,FUN_000a8b28,42,true
000a8b52,FUN_000a8b52,20,true
000a8b66,FUN_000a8b66,658,true
000a8be4,FUN_000a8be4,42,true
000a8c0e,FUN_000a8c0e,78,true
000a8c5c,FUN_000a8c5c,58,true
000a8cf8,FUN_000a8cf8,306,true
000a8e2a,FUN_000a8e2a,140,true
000a8f16,FUN_000a8f16,52,true
000a8f7a,FUN_000a8f7a,20,true
000a8f8e,FUN_000a8f8e,48,true
000a8fbe,FUN_000a8fbe,48,true
000a8fee,FUN_000a8fee,6,true
000a8ff4,FUN_000a8ff4,6,true
000a900e,FUN_000a900e,4,true
000a9012,FUN_000a9012,8,true
000a9028,FUN_000a9028,20,true
000a9042,FUN_000a9042,4,true
000a9046,FUN_000a9046,4,true
000a904a,FUN_000a904a,72,true
000a9092,FUN_000a9092,32,true
000a9140,FUN_000a9140,8,true
000a9148,FUN_000a9148,8,true
000a9150,FUN_000a9150,8,true
000a9160,FUN_000a9160,52,true
000a9194,FUN_000a9194,50,true
000a9284,FUN_000a9284,6,true
000a928e,FUN_000a928e,10,true
000a9298,FUN_000a9298,18,true
000a92f6,FUN_000a92f6,10,true
000a930a,FUN_000a930a,4,true
000a930e,FUN_000a930e,20,true
000a9322,FUN_000a9322,28,true
000a9334,FUN_000a9334,6,true
000a933a,FUN_000a933a,104,true
000a93a4,FUN_000a93a4,44,true
000a93d0,FUN_000a93d0,46,true
000a93fe,FUN_000a93fe,62,true
000a943c,FUN_000a943c,46,true
000a946a,FUN_000a946a,50,true
000a94a4,FUN_000a94a4,44,true
000a9584,FUN_000a9584,192,true
000a9590,FUN_000a9590,6,true
000a9596,FUN_000a9596,64,true
000a95e0,FUN_000a95e0,22,true
000a960a,FUN_000a960a,26,true
000a9624,FUN_000a9624,374,true
000a97c6,FUN_000a97c6,6,true
000a97cc,FUN_000a97cc,70,true
000a9812,FUN_000a9812,40,true
000a98d0,FUN_000a98d0,278,true
000a99e6,FUN_000a99e6,166,true
000a9b0c,FUN_000a9b0c,92,true
000a9b68,FUN_000a9b68,106,true
000a9bd2,FUN_000a9bd2,80,true
000a9c38,FUN_000a9c38,162,true
000a9cda,FUN_000a9cda,36,true
000a9d3c,FUN_000a9d3c,130,true
000a9dbe,FUN_000a9dbe,50,true
000a9df0,FUN_000a9df0,74,true
000a9e3a,FUN_000a9e3a,14,true
000a9e48,FUN_000a9e48,60,true
000a9e84,FUN_000a9e84,14,true
000a9eae,FUN_000a9eae,46,true
000a9ef4,FUN_000a9ef4,40,true
000a9f04,FUN_000a9f04,44,true
000a9f30,FUN_000a9f30,310,true
000aa0a0,FUN_000aa0a0,18,true
000aa0b2,FUN_000aa0b2,32,true
000aa0f6,FUN_000aa0f6,28,true
000aa136,FUN_000aa136,16,true
000aa146,FUN_000aa146,14,true
000aa158,FUN_000aa158,6,true
000aa15c,FUN_000aa15c,4,true
000aa160,FUN_000aa160,48,true
000aa190,FUN_000aa190,6,true
000aa1ca,FUN_000aa1ca,16,true
000aa1da,FUN_000aa1da,16,true
000aa1ea,FUN_000aa1ea,6,true
000aa1f0,FUN_000aa1f0,40,true
000aa218,FUN_000aa218,38,true
000aa23e,FUN_000aa23e,78,true
000aa28c,FUN_000aa28c,62,true
000aa2ca,FUN_000aa2ca,284,true
000aa506,FUN_000aa506,28,true
000aa522,FUN_000aa522,22,true
000aa548,thunk_FUN_000b4416,4,true
000aa54c,FUN_000aa54c,22,true
000aa562,FUN_000aa562,32,true
000aa584,FUN_000aa584,8,true
000aa58c,FUN_000aa58c,18,true
000aa59e,FUN_000aa59e,16,true
000aa5ae,FUN_000aa5ae,70,true
000aa5f4,FUN_000aa5f4,2,true
000aa5f6,FUN_000aa5f6,6,true
000aa5fc,FUN_000aa5fc,14,true
000aa60a,FUN_000aa60a,30,true
000aa61c,FUN_000aa61c,24,true
000aa634,FUN_000aa634,30,true
000aa652,FUN_000aa652,218,true
000aa734,FUN_000aa734,22,true
000aa74a,FUN_000aa74a,32,true
000aa76a,FUN_000aa76a,4,true
000aa77a,FUN_000aa77a,4,true
000aa77e,FUN_000aa77e,112,true
000aa7ee,FUN_000aa7ee,14,true
000aa810,FUN_000aa810,28,true
000aa82c,FUN_000aa82c,6,true
000aa832,FUN_000aa832,6,true
000aa838,FUN_000aa838,4,true
000aa83c,FUN_000aa83c,6,true
000aa842,FUN_000aa842,6,true
000aa848,FUN_000aa848,6,true
000aa84e,FUN_000aa84e,6,true
000aa878,FUN_000aa878,6,true
000aa87e,FUN_000aa87e,6,true
000aa89c,FUN_000aa89c,6,true
000aa8a2,FUN_000aa8a2,18,true
000aa8e4,FUN_000aa8e4,6,true
000aa8ea,FUN_000aa8ea,20,true
000aa8f0,FUN_000aa8f0,252,true
000aa9a4,FUN_000aa9a4,34,true
000aa9c6,FUN_000aa9c6,40,true
000aaa70,FUN_000aaa70,2,true
000aaa74,FUN_000aaa74,950,true
000aacc0,FUN_000aacc0,882,true
000aae84,FUN_000aae84,6,true
000aae8e,FUN_000aae8e,10,true
000aae98,FUN_000aae98,18,true
000aaef6,FUN_000aaef6,52,true
000aaf2a,FUN_000aaf2a,154,true
000aafc4,FUN_000aafc4,58,true
000ab1f4,FUN_000ab1f4,158,true
000ab2ca,FUN_000ab2ca,282,true
000ab3e4,FUN_000ab3e4,50,true
000ab416,FUN_000ab416,22,true
000ab42c,FUN_000ab42c,40,true
000ab53a,FUN_000ab53a,70,true
000ab580,FUN_000ab580,48,true
000ab5b0,FUN_000ab5b0,48,true
000ab5e0,FUN_000ab5e0,42,true
000ab60a,FUN_000ab60a,38,true
000ab630,FUN_000ab630,22,true
000ab646,FUN_000ab646,14,true
000ab654,FUN_000ab654,14,true
000ab662,FUN_000ab662,22,true
000ab678,FUN_000ab678,22,true
000ab69c,FUN_000ab69c,14,true
000ab6aa,FUN_000ab6aa,22,true
000ab746,FUN_000ab746,66,true
000ab788,FUN_000ab788,36,true
000ab7ac,FUN_000ab7ac,42,true
000ab7d6,FUN_000ab7d6,16,true
000ab7e6,FUN_000ab7e6,14,true
000ab7f4,FUN_000ab7f4,24,true
000ab80c,FUN_000ab80c,32,true
000ab82c,FUN_000ab82c,14,true
000ab868,FUN_000ab868,6,true
000ab872,FUN_000ab872,10,true
000ab87c,FUN_000ab87c,18,true
000ab8da,FUN_000ab8da,10,true
000ab8e4,thunk_FUN_0001ea5e,4,true
000ab8e8,FUN_000ab8e8,220,true
000ab9c4,FUN_000ab9c4,270,true
000abad2,FUN_000abad2,356,true
000abc36,FUN_000abc36,368,true
000abdba,FUN_000abdba,86,true
000abe10,FUN_000abe10,18,true
000abe22,FUN_000abe22,34,true
000abe44,FUN_000abe44,28,true
000abe60,FUN_000abe60,8,true
000abe68,FUN_000abe68,14,true
000abe76,FUN_000abe76,124,true
000abef2,FUN_000abef2,66,true
000abf34,FUN_000abf34,44,true
000abf60,FUN_000abf60,172,true
000ac00c,FUN_000ac00c,80,true
000ac0ac,FUN_000ac0ac,116,true
000ac144,FUN_000ac144,178,true
000ac1f6,FUN_000ac1f6,334,true
000ac344,FUN_000ac344,6,true
000ac34a,FUN_000ac34a,18,true
000ac35c,FUN_000ac35c,52,true
000ac390,FUN_000ac390,50,true
000ac432,FUN_000ac432,36,true
000ac456,FUN_000ac456,16,true
000ac466,FUN_000ac466,14,true
000ac488,FUN_000ac488,16,true
000ac498,FUN_000ac498,648,true
000ac4de,FUN_000ac4de,154,true
000ac58e,FUN_000ac58e,10,true
000ac598,FUN_000ac598,66,true
000ac5da,FUN_000ac5da,76,true
000ac626,FUN_000ac626,60,true
000ac664,FUN_000ac664,114,true
000ac722,FUN_000ac722,10,true
000ac72c,FUN_000ac72c,28,true
000ac750,FUN_000ac750,28,true
000ac76c,FUN_000ac76c,32,true
000ac828,FUN_000ac828,6,true
000ac83c,FUN_000ac83c,18,true
000ac886,FUN_000ac886,10,true
000ac89e,FUN_000ac89e,8,true
000ac8aa,FUN_000ac8aa,10,true
000ac8b4,FUN_000ac8b4,18,true
000ac8fe,FUN_000ac8fe,10,true
000ac916,FUN_000ac916,8,true
000ac92c,FUN_000ac92c,18,true
000ac976,FUN_000ac976,10,true
000ac98e,FUN_000ac98e,8,true
000ac99a,FUN_000ac99a,10,true
000ac9a4,FUN_000ac9a4,18,true
000ac9ee,FUN_000ac9ee,10,true
000aca06,FUN_000aca06,8,true
000aca12,FUN_000aca12,10,true
000aca1c,FUN_000aca1c,18,true
000aca66,FUN_000aca66,10,true
000aca7e,FUN_000aca7e,8,true
000aca8a,FUN_000aca8a,10,true
000aca94,FUN_000aca94,18,true
000acade,FUN_000acade,10,true
000acae8,FUN_000acae8,10,true
000acb5e,FUN_000acb5e,146,true
000acbb8,FUN_000acbb8,26,true
000acbd2,FUN_000acbd2,246,true
000accd4,FUN_000accd4,24,true
000accf0,FUN_000accf0,90,true
000acd4a,FUN_000acd4a,618,true
000acfb4,FUN_000acfb4,96,true
000ad014,FUN_000ad014,70,true
000ad0a6,FUN_000ad0a6,48,true
000ad0d6,FUN_000ad0d6,18,true
000ad244,FUN_000ad244,102,true
000ad2de,FUN_000ad2de,358,true
000ad444,FUN_000ad444,42,true
000ad46e,FUN_000ad46e,38,true
000ad494,FUN_000ad494,38,true
000ad4ba,FUN_000ad4ba,38,true
000ad4e0,FUN_000ad4e0,68,true
000ad528,FUN_000ad528,48,true
000ad558,FUN_000ad558,34,true
000ad57a,FUN_000ad57a,34,true
000ad59c,FUN_000ad59c,44,true
000ad5c8,FUN_000ad5c8,24,true
000ad5e0,FUN_000ad5e0,30,true
000ad64c,FUN_000ad64c,6,true
000ad652,FUN_000ad652,6,true
000ad658,FUN_000ad658,38,true
000ad67e,FUN_000ad67e,44,true
000ad6aa,FUN_000ad6aa,38,true
000ad6d0,FUN_000ad6d0,34,true
000ad6f2,FUN_000ad6f2,60,true
000ad768,FUN_000ad768,14,true
000ad776,FUN_000ad776,10,true
000ad780,FUN_000ad780,26,true
000ad790,FUN_000ad790,30,true
000ad7a4,FUN_000ad7a4,22,true
000ad7ba,FUN_000ad7ba,14,true
000ad7c8,FUN_000ad7c8,38,true
000ad7e6,FUN_000ad7e6,26,true
000ad818,FUN_000ad818,6,true
000ad81e,FUN_000ad81e,4,true
000ad876,FUN_000ad876,10,true
000ad88e,FUN_000ad88e,8,true
000ad89a,FUN_000ad89a,10,true
000ad8ee,FUN_000ad8ee,42,true
000ad8f8,FUN_000ad8f8,34,true
000ad906,FUN_000ad906,8,true
000ad91c,FUN_000ad91c,18,true
000ad92e,FUN_000ad92e,18,true
000ad97e,FUN_000ad97e,8,true
000ad9f2,FUN_000ad9f2,46,true
000ada20,FUN_000ada20,30,true
000ada3e,FUN_000ada3e,124,true
000adade,FUN_000adade,62,true
000adb1c,FUN_000adb1c,198,true
000adb86,FUN_000adb86,58,true
000adbc6,FUN_000adbc6,32,true
000adbe6,FUN_000adbe6,106,true
000adc82,FUN_000adc82,6,true
000adc88,FUN_000adc88,80,true
000adcd8,FUN_000adcd8,52,true
000add0c,FUN_000add0c,40,true
000add34,FUN_000add34,6,true
000add3a,thunk_FUN_000b01d0,4,true
000add3e,FUN_000add3e,10,true
000add48,thunk_FUN_000b01d0,4,true
000add94,FUN_000add94,6,true
000adda8,FUN_000adda8,18,true
000ade06,FUN_000ade06,4,true
000ade0a,FUN_000ade0a,6,true
000ade10,thunk_FUN_000ade0a,4,true
000ade14,FUN_000ade14,6,true
000ade1e,FUN_000ade1e,28,true
000ade3a,FUN_000ade3a,88,true
000ade4c,FUN_000ade4c,6,true
000ade52,FUN_000ade52,72,true
000adee0,FUN_000adee0,26,true
000adef0,FUN_000adef0,4,true
000adef4,FUN_000adef4,34,true
000adf16,FUN_000adf16,34,true
000adf38,FUN_000adf38,34,true
000adf5a,FUN_000adf5a,34,true
000adf7c,FUN_000adf7c,34,true
000adf9e,FUN_000adf9e,104,true
000ae006,FUN_000ae006,630,true
000ae28e,FUN_000ae28e,58,true
000ae2c8,FUN_000ae2c8,82,true
000ae3c0,FUN_000ae3c0,6,true
000ae3c6,FUN_000ae3c6,6,true
000ae3cc,FUN_000ae3cc,6,true
000ae3d2,FUN_000ae3d2,6,true
000ae3d8,FUN_000ae3d8,164,true
000ae47c,FUN_000ae47c,58,true
000ae4b6,FUN_000ae4b6,50,true
000ae524,FUN_000ae524,88,true
000ae5be,FUN_000ae5be,12,true
000ae5ca,FUN_000ae5ca,4,true
000ae5dc,FUN_000ae5dc,32,true
000ae5fc,FUN_000ae5fc,34,true
000ae954,FUN_000ae954,72,true
000ae9c6,FUN_000ae9c6,54,true
000ae9fc,FUN_000ae9fc,96,true
000aea5c,FUN_000aea5c,46,true
000aea8a,FUN_000aea8a,6,true
000aea90,FUN_000aea90,12,true
000aea9c,FUN_000aea9c,6,true
000aeaae,FUN_000aeaae,6,true
000aeab4,FUN_000aeab4,42,true
000aeb1e,FUN_000aeb1e,8,true
000aeb26,FUN_000aeb26,8,true
000aeb2e,FUN_000aeb2e,6,true
000aeb34,FUN_000aeb34,8,true
000aeb3c,FUN_000aeb3c,8,true
000aeb44,FUN_000aeb44,36,true
000aeb7a,FUN_000aeb7a,16,true
000aeb8a,FUN_000aeb8a,372,true
000aecfe,FUN_000aecfe,68,true
000aed58,FUN_000aed58,22,true
000aede8,thunk_FUN_00099388,4,true
000aedec,FUN_000aedec,70,true
000aee32,FUN_000aee32,66,true
000aee74,FUN_000aee74,44,true
000aeea0,FUN_000aeea0,28,true
000af044,FUN_000af044,440,true
000af074,FUN_000af074,4,true
000af078,FUN_000af078,10,true
000af082,FUN_000af082,54,true
000af0f2,FUN_000af0f2,46,true
000af120,FUN_000af120,28,true
000af226,FUN_000af226,490,true
000af424,FUN_000af424,40,true
000af44c,FUN_000af44c,54,true
000af482,FUN_000af482,252,true
000af57e,FUN_000af57e,38,true
000af5b4,FUN_000af5b4,334,true
000af618,FUN_000af618,16,true
000af628,FUN_000af628,16,true
000af638,FUN_000af638,16,true
000af648,FUN_000af648,52,true
000af67c,FUN_000af67c,46,true
000af6aa,FUN_000af6aa,434,true
000af8ac,FUN_000af8ac,56,true
000af8e4,FUN_000af8e4,102,true
000af906,FUN_000af906,76,true
000af952,FUN_000af952,96,true
000af986,FUN_000af986,100,true
000afa3c,thunk_FUN_0009938c,4,true
000afa40,FUN_000afa40,26,true
000afa5a,FUN_000afa5a,314,true
000afb94,FUN_000afb94,26,true
000afc4a,FUN_000afc4a,4,true
000afc4e,FUN_000afc4e,4,true
000afc52,FUN_000afc52,4,true
000afc56,FUN_000afc56,6,true
000afc5c,FUN_000afc5c,6,true
000afc62,FUN_000afc62,6,true
000afc68,FUN_000afc68,6,true
000afc6e,FUN_000afc6e,6,true
000afc74,FUN_000afc74,22,true
000afc8a,FUN_000afc8a,6,true
000afc90,FUN_000afc90,6,true
000afc96,FUN_000afc96,8,true
000afc9e,FUN_000afc9e,38,true
000afcc4,FUN_000afcc4,6,true
000afcca,FUN_000afcca,42,true
000afcf4,FUN_000afcf4,6,true
000afcfa,FUN_000afcfa,6,true
000afd00,FUN_000afd00,6,true
000afd06,FUN_000afd06,22,true
000afd1c,FUN_000afd1c,54,true
000afd52,FUN_000afd52,18,true
000afd7a,FUN_000afd7a,18,true
000afd8c,FUN_000afd8c,18,true
000afd9e,FUN_000afd9e,18,true
000afdb0,FUN_000afdb0,18,true
000afdcc,FUN_000afdcc,10,true
000afe5c,FUN_000afe5c,108,true
000afe92,FUN_000afe92,72,true
000afeda,FUN_000afeda,94,true
000aff38,FUN_000aff38,40,true
000affee,FUN_000affee,130,true
000b0070,FUN_000b0070,108,true
000b00dc,FUN_000b00dc,106,true
000b0156,thunk_FUN_000b015e,2,true
000b015e,FUN_000b015e,14,true
000b0166,FUN_000b0166,22,true
000b017c,FUN_000b017c,28,true
000b0198,FUN_000b0198,28,true
000b01b4,FUN_000b01b4,28,true
000b01d0,FUN_000b01d0,14,true
000b0216,FUN_000b0216,22,true
000b022c,FUN_000b022c,8,true
000b0234,FUN_000b0234,40,true
000b0298,FUN_000b0298,38,true
000b02be,FUN_000b02be,24,true
000b02d6,FUN_000b02d6,4,true
000b02e2,FUN_000b02e2,42,true
000b030c,FUN_000b030c,110,true
000b03da,FUN_000b03da,70,true
000b0420,FUN_000b0420,62,true
000b045e,FUN_000b045e,28,true
000b047a,FUN_000b047a,152,true
000b0512,FUN_000b0512,212,true
000b05e6,FUN_000b05e6,116,true
000b065a,FUN_000b065a,126,true
000b06d8,FUN_000b06d8,78,true
000b0728,FUN_000b0728,32,true
000b0748,FUN_000b0748,178,true
000b07fc,FUN_000b07fc,242,true
000b08f0,FUN_000b08f0,38,true
000b0916,FUN_000b0916,26,true
000b0930,FUN_000b0930,40,true
000b096a,FUN_000b096a,144,true
000b09fa,FUN_000b09fa,142,true
000b0a88,FUN_000b0a88,176,true
000b0b4a,FUN_000b0b4a,142,true
000b0bd8,FUN_000b0bd8,48,true
000b0c08,FUN_000b0c08,152,true
000b0ca0,FUN_000b0ca0,26,true
000b0cba,FUN_000b0cba,152,true
000b0d52,FUN_000b0d52,28,true
000b0d76,FUN_000b0d76,218,true
000b0e54,FUN_000b0e54,140,true
000b0f40,FUN_000b0f40,32,true
000b0f7c,FUN_000b0f7c,6,true
000b0f9c,FUN_000b0f9c,76,true
000b0fe8,FUN_000b0fe8,70,true
000b102e,FUN_000b102e,434,true
000b10dc,FUN_000b10dc,90,true
000b1136,FUN_000b1136,724,true
000b1806,FUN_000b1806,46,true
000b1834,FUN_000b1834,12,true
000b1840,FUN_000b1840,338,true
000b1994,FUN_000b1994,362,true
000b1afe,FUN_000b1afe,202,true
000b1bfa,FUN_000b1bfa,94,true
000b1c58,FUN_000b1c58,316,true
000b1dbe,FUN_000b1dbe,106,true
000b1e28,FUN_000b1e28,196,true
000b1f46,FUN_000b1f46,66,true
000b1f9e,FUN_000b1f9e,256,true
000b20d2,FUN_000b20d2,146,true
000b216a,FUN_000b216a,126,true
000b21e8,FUN_000b21e8,28,true
000b2204,FUN_000b2204,250,true
000b230c,FUN_000b230c,598,true
000b25c8,FUN_000b25c8,74,true
000b261a,FUN_000b261a,82,true
000b2670,FUN_000b2670,78,true
000b26ca,FUN_000b26ca,12,true
000b26d6,FUN_000b26d6,240,true
000b2726,FUN_000b2726,86,true
000b277c,FUN_000b277c,78,true
000b27ec,FUN_000b27ec,20,true
000b280a,FUN_000b280a,168,true
000b28ee,FUN_000b28ee,94,true
000b2a74,thunk_FUN_000b40a6,4,true
000b2a78,FUN_000b2a78,10,true
000b2a82,FUN_000b2a82,250,true
000b2b7c,FUN_000b2b7c,46,true
000b2baa,FUN_000b2baa,256,true
000b2cca,FUN_000b2cca,210,true
000b2d9c,FUN_000b2d9c,94,true
000b2dfa,FUN_000b2dfa,64,true
000b2e4e,FUN_000b2e4e,270,true
000b2f8a,FUN_000b2f8a,268,true
000b3096,FUN_000b3096,56,true
000b30ce,FUN_000b30ce,98,true
000b31e6,FUN_000b31e6,106,true
000b3250,FUN_000b3250,194,true
000b3362,FUN_000b3362,104,true
000b33ca,FUN_000b33ca,6,true
000b33d8,FUN_000b33d8,42,true
000b3402,FUN_000b3402,132,true
000b3486,FUN_000b3486,742,true
000b3970,FUN_000b3970,44,true
000b399c,FUN_000b399c,306,true
000b3ace,FUN_000b3ace,152,true
000b3e68,FUN_000b3e68,72,true
000b3eb0,FUN_000b3eb0,34,true
000b3ed2,FUN_000b3ed2,118,true
000b3f52,FUN_000b3f52,10,true
000b3f5c,FUN_000b3f5c,218,true
000b3ffc,FUN_000b3ffc,106,true
000b4066,FUN_000b4066,44,true
000b40a6,FUN_000b40a6,38,true
000b40cc,FUN_000b40cc,178,true
000b417e,FUN_000b417e,108,true
000b428c,FUN_000b428c,78,true
000b42dc,FUN_000b42dc,46,true
000b430a,FUN_000b430a,46,true
000b4338,FUN_000b4338,10,true
000b434a,FUN_000b434a,64,true
000b4378,FUN_000b4378,62,true
000b43b6,FUN_000b43b6,62,true
000b43f4,FUN_000b43f4,34,true
000b4416,FUN_000b4416,8,true
000b441e,FUN_000b441e,28,true
000b443c,FUN_000b443c,46,true
000b446c,FUN_000b446c,40,true
000b4498,FUN_000b4498,68,true
000b44dc,FUN_000b44dc,130,true
000b455e,FUN_000b455e,20,true
000b4572,FUN_000b4572,18,true
000b4586,FUN_000b4586,10,true
000b45b4,FUN_000b45b4,38,true
000b45be,FUN_000b45be,8,true
000b45f2,FUN_000b45f2,70,true
000b4638,FUN_000b4638,6,true
000b463e,FUN_000b463e,112,true
000b46ae,FUN_000b46ae,18,true
000b46c0,FUN_000b46c0,38,true
000b4752,FUN_000b4752,112,true
000b4756,FUN_000b4756,4,true
000b475a,FUN_000b475a,8,true
000b4766,FUN_000b4766,92,true
000b47cc,FUN_000b47cc,100,true
000b4830,FUN_000b4830,138,true
000b48bc,FUN_000b48bc,4,true
000b48c0,FUN_000b48c0,8,true
000b48e4,FUN_000b48e4,46,true
000b4912,FUN_000b4912,36,true
000b49ac,FUN_000b49ac,136,true
000b4b08,FUN_000b4b08,42,true
000b4b48,FUN_000b4b48,38,true
000b4bec,FUN_000b4bec,6,true
000b4c24,FUN_000b4c24,10,true
000b4c5e,FUN_000b4c5e,38,true
000b4c84,FUN_000b4c84,22,true
000b4c9a,FUN_000b4c9a,14,true
000b4cf4,FUN_000b4cf4,102,true
000b4d5a,FUN_000b4d5a,72,true
000b4e2c,FUN_000b4e2c,134,true
000b4ebe,FUN_000b4ebe,26,true
000b4eda,FUN_000b4eda,18,true
000b4eee,FUN_000b4eee,94,true
000b4f4e,FUN_000b4f4e,104,true
000b4fe0,FUN_000b4fe0,6,true
000b4fea,FUN_000b4fea,10,true
000b5052,FUN_000b5052,6,true
000b5062,FUN_000b5062,36,true
000b507c,FUN_000b507c,58,true
000b50b6,FUN_000b50b6,40,true
000b50de,FUN_000b50de,108,true
000b514a,FUN_000b514a,104,true
000b51be,FUN_000b51be,10,true
000b51c8,FUN_000b51c8,110,true
000b5236,FUN_000b5236,78,true
000b5284,FUN_000b5284,160,true
000b532c,FUN_000b532c,16,true
000b533c,FUN_000b533c,32,true
000b535c,FUN_000b535c,24,true
000b5374,FUN_000b5374,42,true
000b539e,FUN_000b539e,150,true
000b5434,FUN_000b5434,36,true
000b5480,FUN_000b5480,30,true
000b549e,FUN_000b549e,122,true
000b5518,FUN_000b5518,50,true
000b554a,FUN_000b554a,64,true
000b558a,FUN_000b558a,224,true
000b566a,FUN_000b566a,226,true
000b5798,FUN_000b5798,126,true
000b5984,FUN_000b5984,184,true
000b5a3c,FUN_000b5a3c,34,true
000b5a5e,FUN_000b5a5e,6,true
000b5ba8,FUN_000b5ba8,10,true
000b5bb2,FUN_000b5bb2,10,true
000b5bbc,FUN_000b5bbc,20,true
000b5bce,FUN_000b5bce,132,true
000b5c52,FUN_000b5c52,136,true
000b5cda,FUN_000b5cda,126,true
000b5d58,FUN_000b5d58,130,true
000b5dda,FUN_000b5dda,88,true
000b5e32,FUN_000b5e32,14,true
000b5e40,FUN_000b5e40,22,true
000b5e66,thunk_FUN_0003d026,4,true
000b5e6a,thunk_FUN_0003d062,4,true
000b5e6e,FUN_000b5e6e,8,true
000b5e7e,FUN_000b5e7e,18,true
000b5ea8,FUN_000b5ea8,34,true
000b5ec2,FUN_000b5ec2,390,true
000b5fd2,thunk_FUN_000b5ec2,2,true
000b5fdc,FUN_000b5fdc,118,true
000b6052,FUN_000b6052,276,true
000b6260,FUN_000b6260,56,true
000b65da,FUN_000b65da,194,true
000b66a4,FUN_000b66a4,570,true
000b68de,FUN_000b68de,502,true
000b6ae0,FUN_000b6ae0,46,true
000b6b0e,FUN_000b6b0e,656,true
000b6cc8,FUN_000b6cc8,294,true
000b6dee,FUN_000b6dee,314,true
000b6f34,FUN_000b6f34,18,true
000b6f46,FUN_000b6f46,54,true
000b6f7c,FUN_000b6f7c,6,true
000b6f82,FUN_000b6f82,12,true
000b6f8e,FUN_000b6f8e,6,true
000b6f94,FUN_000b6f94,6,true
000b6f9a,thunk_FUN_00099824,4,true
000b6fa6,FUN_000b6fa6,8,true
000b6fae,FUN_000b6fae,8,true
000b6fb6,FUN_000b6fb6,84,true
000b700a,FUN_000b700a,8,true
000b7012,FUN_000b7012,26,true
000b702c,FUN_000b702c,868,true
000b7050,FUN_000b7050,24,true
000b7068,FUN_000b7068,58,true
000b70a2,FUN_000b70a2,94,true
000b7120,FUN_000b7120,6,true
000b7134,FUN_000b7134,18,true
000b7192,FUN_000b7192,4,true
000b7196,FUN_000b7196,8,true
000b71a6,FUN_000b71a6,20,true
000b71ba,FUN_000b71ba,46,true
000b71cc,FUN_000b71cc,6,true
000b71d2,FUN_000b71d2,108,true
000b7284,FUN_000b7284,26,true
000b7298,FUN_000b7298,30,true
000b72b6,FUN_000b72b6,20,true
000b72ca,FUN_000b72ca,42,true
000b72f4,FUN_000b72f4,480,true
000b74d4,FUN_000b74d4,164,true
000b758c,FUN_000b758c,88,true
000b75e0,FUN_000b75e0,150,true
000b76aa,FUN_000b76aa,38,true
000b7702,FUN_000b7702,190,true
000b7764,FUN_000b7764,34,true
000b7904,FUN_000b7904,4,true
000b7908,FUN_000b7908,16,true
000b79fa,FUN_000b79fa,6,true
000b7a00,FUN_000b7a00,6,true
000b7a06,FUN_000b7a06,6,true
000b7a0c,FUN_000b7a0c,6,true
000b7a12,FUN_000b7a12,86,true
000b7a68,FUN_000b7a68,78,true
000b7c72,FUN_000b7c72,28,true
000b7cac,FUN_000b7cac,6,true
000b7cb2,FUN_000b7cb2,12,true
000b7cbe,FUN_000b7cbe,92,true
000b7d1a,FUN_000b7d1a,126,true
000b7d9e,FUN_000b7d9e,26,true
000b7db8,FUN_000b7db8,8,true
000b7dc0,FUN_000b7dc0,24,true
000b7dd8,FUN_000b7dd8,30,true
000b7e22,FUN_000b7e22,190,true
000b7ee0,FUN_000b7ee0,34,true
000b7f0e,FUN_000b7f0e,102,true
000b7f7a,FUN_000b7f7a,184,true
000b8032,FUN_000b8032,48,true
000b8062,FUN_000b8062,48,true
000b80a0,FUN_000b80a0,40,true
000b80c8,FUN_000b80c8,100,true
000b815a,FUN_000b815a,76,true
000b81a6,FUN_000b81a6,98,true
000b81da,FUN_000b81da,36,true
000b820e,FUN_000b820e,224,true
000b82ee,FUN_000b82ee,58,true
000b8328,FUN_000b8328,12,true
000b8394,FUN_000b8394,52,true
000b842c,FUN_000b842c,82,true
000b843c,FUN_000b843c,318,true
000b8588,FUN_000b8588,6,true
000b85ba,FUN_000b85ba,14,true
000b85c8,FUN_000b85c8,6,true
000b85ce,FUN_000b85ce,6,true
000b85d4,FUN_000b85d4,6,true
000b85da,FUN_000b85da,6,true
000b85e0,FUN_000b85e0,6,true
000b85e6,FUN_000b85e6,36,true
000b860a,FUN_000b860a,34,true
000b8634,FUN_000b8634,14,true
000b866c,FUN_000b866c,18,true
000b867e,FUN_000b867e,40,true
000b86fa,FUN_000b86fa,132,true
000b877e,FUN_000b877e,8,true
000b87f8,FUN_000b87f8,88,true
000b8850,FUN_000b8850,68,true
000b88a8,FUN_000b88a8,72,true
000b88f0,FUN_000b88f0,42,true
000b8974,FUN_000b8974,150,true
000b8a28,FUN_000b8a28,26,true
000b8a42,FUN_000b8a42,20,true
000b8a56,FUN_000b8a56,44,true
000b8a82,FUN_000b8a82,4,true
000b8a86,FUN_000b8a86,26,true
000b8aa0,FUN_000b8aa0,52,true
000b8ad4,FUN_000b8ad4,18,true
000b8ae6,FUN_000b8ae6,12,true
000b8af2,FUN_000b8af2,4,true
000b8af6,FUN_000b8af6,4,true
000b8afa,FUN_000b8afa,6,true
000b8b00,FUN_000b8b00,4,true
000b8b04,FUN_000b8b04,4,true
000b8b0e,FUN_000b8b0e,8,true
000b8b16,FUN_000b8b16,16,true
000b8b3c,FUN_000b8b3c,6,true
000b8b50,FUN_000b8b50,18,true
000b8bae,FUN_000b8bae,40,true
000b8bd6,FUN_000b8bd6,46,true
000b8c04,FUN_000b8c04,16,true
000b8c14,FUN_000b8c14,16,true
000b8c24,FUN_000b8c24,24,true
000b8c40,FUN_000b8c40,6,true
000b8c46,FUN_000b8c46,6,true
000b8c4c,FUN_000b8c4c,54,true
000b8c88,FUN_000b8c88,6,true
000b8cbe,FUN_000b8cbe,26,true
000b8cce,FUN_000b8cce,4,true
000b8cd2,FUN_000b8cd2,538,true
000b8eec,FUN_000b8eec,60,true
000b8f3e,FUN_000b8f3e,82,true
000b90f8,FUN_000b90f8,4,true
000b90fc,FUN_000b90fc,24,true
000b9118,FUN_000b9118,18,true
000b912a,FUN_000b912a,12,true
000b913e,FUN_000b913e,72,true
000b9186,FUN_000b9186,70,true
000b91cc,FUN_000b91cc,66,true
000b920e,FUN_000b920e,68,true
000b9252,FUN_000b9252,26,true
000b926c,FUN_000b926c,6,true
000b9272,FUN_000b9272,22,true
000b9290,FUN_000b9290,46,true
000b92be,FUN_000b92be,30,true
000b92dc,FUN_000b92dc,4,true
000b92e8,FUN_000b92e8,6,true
000b9362,FUN_000b9362,36,true
000b937a,thunk_FUN_000b01d0,4,true
000b957e,FUN_000b957e,96,true
000b961c,FUN_000b961c,28,true
000b9638,FUN_000b9638,6,true
000b964c,FUN_000b964c,126,true
000b96ca,FUN_000b96ca,170,true
000b9774,FUN_000b9774,38,true
000b98ea,FUN_000b98ea,210,true
000b9a76,FUN_000b9a76,152,true
000b9b2a,FUN_000b9b2a,40,true
000b9b52,FUN_000b9b52,28,true
000b9b6e,FUN_000b9b6e,46,true
000b9b9c,FUN_000b9b9c,94,true
000b9bfa,FUN_000b9bfa,342,true
000b9d52,FUN_000b9d52,126,true
000b9dd0,FUN_000b9dd0,54,true
000b9e06,FUN_000b9e06,194,true
000b9ec8,FUN_000b9ec8,338,true
000ba044,FUN_000ba044,102,true
000ba0ac,FUN_000ba0ac,972,true
000ba4a8,FUN_000ba4a8,246,true
000ba59e,FUN_000ba59e,58,true
000ba5d8,FUN_000ba5d8,20,true
000ba640,FUN_000ba640,102,true
000ba6a6,FUN_000ba6a6,44,true
000ba6d2,FUN_000ba6d2,30,true
000ba6f0,FUN_000ba6f0,28,true
000ba70c,FUN_000ba70c,52,true
000ba740,FUN_000ba740,22,true
000ba756,FUN_000ba756,336,true
000ba80c,FUN_000ba80c,8,true
000ba814,FUN_000ba814,18,true
000ba826,FUN_000ba826,40,true
000ba84e,FUN_000ba84e,32,true
000ba86e,FUN_000ba86e,178,true
000ba938,FUN_000ba938,190,true
000ba9f6,FUN_000ba9f6,100,true
000baaf4,FUN_000baaf4,164,true
000bab98,FUN_000bab98,148,true
000bac2c,FUN_000bac2c,114,true
000bac9e,FUN_000bac9e,112,true
000bad2c,FUN_000bad2c,106,true
000bad96,FUN_000bad96,114,true
000bae1a,FUN_000bae1a,44,true
000bae46,FUN_000bae46,44,true
000bae72,FUN_000bae72,46,true
000baea0,FUN_000baea0,50,true
000baeda,FUN_000baeda,44,true
000bafb0,FUN_000bafb0,180,true
000bb0d8,FUN_000bb0d8,84,true
000bb12c,FUN_000bb12c,6,true
000bb132,FUN_000bb132,360,true
000bb2ca,FUN_000bb2ca,84,true
000bb344,FUN_000bb344,140,true
000bb3d0,FUN_000bb3d0,14,true
000bb418,FUN_000bb418,118,true
000bb48e,FUN_000bb48e,50,true
000bb4c0,FUN_000bb4c0,46,true
000bb516,FUN_000bb516,36,true
000bb53a,FUN_000bb53a,16,true
000bb54a,FUN_000bb54a,46,true
000bb578,FUN_000bb578,68,true
000bb5c4,FUN_000bb5c4,6,true
000bb5ca,FUN_000bb5ca,8,true
000bb5d2,FUN_000bb5d2,8,true
000bb5da,FUN_000bb5da,26,true
000bb5f4,FUN_000bb5f4,20,true
000bb608,FUN_000bb608,20,true
000bb61c,FUN_000bb61c,22,true
000bb632,FUN_000bb632,28,true
000bb64e,FUN_000bb64e,38,true
000bb67a,FUN_000bb67a,6,true
000bb6cc,FUN_000bb6cc,8,true
000bb6d2,FUN_000bb6d2,78,true
000bb720,FUN_000bb720,16,true
000bb746,FUN_000bb746,6,true
000bb74c,FUN_000bb74c,36,true
000bb770,FUN_000bb770,34,true
000bb880,FUN_000bb880,6,true
000bb898,FUN_000bb898,82,true
000bb8ea,FUN_000bb8ea,16,true
000bb96e,FUN_000bb96e,36,true
000bb9a8,FUN_000bb9a8,50,true
000bba56,FUN_000bba56,36,true
000bbaac,FUN_000bbaac,4,true
000bbab0,FUN_000bbab0,6,true
000bbab6,FUN_000bbab6,6,true
000bbabc,FUN_000bbabc,6,true
000bbac2,FUN_000bbac2,6,true
000bbac8,FUN_000bbac8,6,true
000bbad4,FUN_000bbad4,6,true
000bbae8,FUN_000bbae8,30,true
000bbb06,FUN_000bbb06,26,true
000bbb20,FUN_000bbb20,26,true
000bbb3a,FUN_000bbb3a,26,true
000bbb54,FUN_000bbb54,498,true
000bbd46,FUN_000bbd46,26,true
000bbd60,FUN_000bbd60,8,true
000bbd68,FUN_000bbd68,26,true
000bbdba,FUN_000bbdba,10,true
000bbdc4,FUN_000bbdc4,44,true
000bbe0e,FUN_000bbe0e,10,true
000bbe18,FUN_000bbe18,26,true
000bbe80,FUN_000bbe80,10,true
000bbe8a,FUN_000bbe8a,96,true
000bbed8,FUN_000bbed8,84,true
000bbf2c,FUN_000bbf2c,164,true
000bbfd0,FUN_000bbfd0,72,true
000bc018,FUN_000bc018,56,true
000bc050,FUN_000bc050,72,true
000bc0a4,FUN_000bc0a4,126,true
000bc122,FUN_000bc122,276,true
000bc236,FUN_000bc236,160,true
000bc2d6,FUN_000bc2d6,36,true
000bc48c,FUN_000bc48c,14,true
000bc4b8,FUN_000bc4b8,28,true
000bc518,FUN_000bc518,50,true
000bc54a,FUN_000bc54a,194,true
000bc60c,FUN_000bc60c,66,true
000bc64e,FUN_000bc64e,48,true
000bc67e,FUN_000bc67e,72,true
000bc6d4,FUN_000bc6d4,268,true
000bc7e0,FUN_000bc7e0,816,true
000bcb10,FUN_000bcb10,114,true
000bcb82,FUN_000bcb82,60,true
000bcbbe,FUN_000bcbbe,92,true
000bcc34,FUN_000bcc34,180,true
000bcce8,FUN_000bcce8,280,true
000bce00,FUN_000bce00,214,true
000bced6,FUN_000bced6,124,true
000bcf52,FUN_000bcf52,42,true
000bcf90,FUN_000bcf90,212,true
000bd064,FUN_000bd064,56,true
000bd0a4,FUN_000bd0a4,284,true
000bd1c0,FUN_000bd1c0,82,true
000bd212,FUN_000bd212,42,true
000bd24c,FUN_000bd24c,274,true
000bd35e,FUN_000bd35e,60,true
000bd3a4,FUN_000bd3a4,14,true
000bd3b2,FUN_000bd3b2,796,true
000bd6ce,FUN_000bd6ce,10,true
000bd6d8,FUN_000bd6d8,22,true
000bd6ee,FUN_000bd6ee,14,true
000bd6fc,FUN_000bd6fc,36,true
000bd720,FUN_000bd720,12,true
000bd740,FUN_000bd740,8,true
000bd752,FUN_000bd752,14,true
000bd760,FUN_000bd760,12,true
000bd778,FUN_000bd778,60,true
000bd7b4,thunk_FUN_000d357e,4,true
000bd7b8,FUN_000bd7b8,14,true
000bd8f2,FUN_000bd8f2,26,true
000bd920,FUN_000bd920,260,true
000bda24,FUN_000bda24,72,true
000bda8c,FUN_000bda8c,6,true
000bdabe,FUN_000bdabe,4,true
000bdad0,FUN_000bdad0,280,true
000bdbe8,FUN_000bdbe8,32,true
000bdc08,FUN_000bdc08,122,true
000bdc82,FUN_000bdc82,44,true
000bdcbc,FUN_000bdcbc,18,true
000bdcce,FUN_000bdcce,8,true
000bdcd6,FUN_000bdcd6,14,true
000bdce4,FUN_000bdce4,10,true
000bdcee,FUN_000bdcee,10,true
000bdd00,FUN_000bdd00,252,true
000bddfc,FUN_000bddfc,62,true
000bde3a,FUN_000bde3a,30,true
000bde58,FUN_000bde58,42,true
000bde94,FUN_000bde94,32,true
000bdeb4,FUN_000bdeb4,274,true
000bdfc6,FUN_000bdfc6,596,true
000be258,FUN_000be258,4,true
000be25c,FUN_000be25c,46,true
000be28a,FUN_000be28a,20,true
000be2b8,FUN_000be2b8,32,true
000be2d8,FUN_000be2d8,46,true
000be36a,FUN_000be36a,218,true
000be444,FUN_000be444,28,true
000be4b6,FUN_000be4b6,40,true
000be4de,FUN_000be4de,62,true
000be520,FUN_000be520,100,true
000be586,FUN_000be586,58,true
000be5c0,FUN_000be5c0,86,true
000be616,FUN_000be616,178,true
000be6c0,FUN_000be6c0,38,true
000be6e6,FUN_000be6e6,88,true
000be73e,FUN_000be73e,334,true
000be88c,FUN_000be88c,46,true
000be8ba,FUN_000be8ba,212,true
000be98e,FUN_000be98e,210,true
000bea60,FUN_000bea60,48,true
000bea90,FUN_000bea90,38,true
000beabc,FUN_000beabc,80,true
000beb12,FUN_000beb12,10,true
000bebd8,FUN_000bebd8,96,true
000bec38,FUN_000bec38,36,true
000bec5c,FUN_000bec5c,150,true
000becf2,FUN_000becf2,4,true
000becf6,FUN_000becf6,4,true
000becfa,FUN_000becfa,12,true
000bed06,FUN_000bed06,4,true
000bed0a,FUN_000bed0a,14,true
000bed18,FUN_000bed18,30,true
000bed40,FUN_000bed40,512,true
000bef40,FUN_000bef40,60,true
000bef7c,FUN_000bef7c,50,true
000befae,FUN_000befae,18,true
000befc0,FUN_000befc0,98,true
000bf022,FUN_000bf022,46,true
000bf050,FUN_000bf050,6,true
000bf056,FUN_000bf056,6,true
000bf170,FUN_000bf170,126,true
000bf20c,FUN_000bf20c,46,true
000bf214,FUN_000bf214,20,true
000bf230,FUN_000bf230,86,true
000bf286,FUN_000bf286,12,true
000bf29c,FUN_000bf29c,22,true
000bf2b2,FUN_000bf2b2,206,true
000bf380,FUN_000bf380,58,true
000bf3ba,FUN_000bf3ba,50,true
000bf3ec,FUN_000bf3ec,92,true
000bf448,FUN_000bf448,42,true
000bf472,FUN_000bf472,78,true
000bf4c0,FUN_000bf4c0,52,true
000bf4f4,FUN_000bf4f4,90,true
000bf54e,FUN_000bf54e,72,true
000bf596,FUN_000bf596,38,true
000bff56,FUN_000bff56,130,true
000bffd8,FUN_000bffd8,88,true
000c050a,FUN_000c050a,6,true
000c05ea,FUN_000c05ea,4,true
000c063a,FUN_000c063a,58,true
000c0674,FUN_000c0674,32,true
000c0694,FUN_000c0694,324,true
000c0830,FUN_000c0830,272,true
000c0940,FUN_000c0940,112,true
000c09b0,FUN_000c09b0,82,true
000c0a10,FUN_000c0a10,158,true
000c0aae,FUN_000c0aae,478,true
000c0c8c,FUN_000c0c8c,6,true
000c0c92,FUN_000c0c92,6,true
000c0c98,FUN_000c0c98,36,true
000c0cd4,FUN_000c0cd4,50,true
000c0d06,FUN_000c0d06,62,true
000c0d48,FUN_000c0d48,50,true
000c0d7a,FUN_000c0d7a,38,true
000c0da0,FUN_000c0da0,304,true
000c0ed0,FUN_000c0ed0,90,true
000c0f3c,FUN_000c0f3c,34,true
000c0f5e,FUN_000c0f5e,30,true
000c0f7c,FUN_000c0f7c,60,true
000c0fbc,FUN_000c0fbc,50,true
000c0fee,FUN_000c0fee,64,true
000c1060,FUN_000c1060,52,true
000c1094,FUN_000c1094,60,true
000c11a4,FUN_000c11a4,16,true
000c1280,FUN_000c1280,462,true
000c12c2,FUN_000c12c2,166,true
000c1368,FUN_000c1368,30,true
000c1458,FUN_000c1458,174,true
000c1506,FUN_000c1506,20,true
000c1598,FUN_000c1598,30,true
000c15b6,FUN_000c15b6,138,true
000c1640,FUN_000c1640,94,true
000c16ac,FUN_000c16ac,50,true
000c16de,FUN_000c16de,52,true
000c1718,FUN_000c1718,86,true
000c176e,FUN_000c176e,24,true
000c183c,FUN_000c183c,50,true
000c1880,FUN_000c1880,114,true
000c18f2,FUN_000c18f2,102,true
000c1988,FUN_000c1988,34,true
000c19aa,FUN_000c19aa,154,true
000c1a44,FUN_000c1a44,74,true
000c1aa0,FUN_000c1aa0,10,true
000c1aaa,FUN_000c1aaa,10,true
000c1ab4,FUN_000c1ab4,140,true
000c1b40,FUN_000c1b40,422,true
000c1ce6,FUN_000c1ce6,36,true
000c1d0a,FUN_000c1d0a,14,true
000c1d90,FUN_000c1d90,26,true
000c1daa,FUN_000c1daa,124,true
000c1e26,FUN_000c1e26,20,true
000c1ea0,FUN_000c1ea0,218,true
000c1f88,FUN_000c1f88,58,true
000c1fc2,FUN_000c1fc2,124,true
000c203e,FUN_000c203e,20,true
000c20d8,FUN_000c20d8,52,true
000c210c,FUN_000c210c,74,true
000c215c,FUN_000c215c,60,true
000c2198,FUN_000c2198,86,true
000c21ee,FUN_000c21ee,24,true
000c2260,FUN_000c2260,50,true
000c2292,FUN_000c2292,68,true
000c22dc,FUN_000c22dc,86,true
000c2332,FUN_000c2332,24,true
000c23ec,FUN_000c23ec,238,true
000c2544,FUN_000c2544,52,true
000c2578,FUN_000c2578,38,true
000c259e,FUN_000c259e,308,true
000c26d2,FUN_000c26d2,94,true
000c2740,FUN_000c2740,548,true
000c2964,FUN_000c2964,98,true
000c29e0,FUN_000c29e0,138,true
000c2a6a,FUN_000c2a6a,116,true
000c2ae6,FUN_000c2ae6,288,true
000c2c32,FUN_000c2c32,6,true
000c2c38,FUN_000c2c38,26,true
000c2c52,FUN_000c2c52,10,true
000c2c5c,FUN_000c2c5c,58,true
000c2c7c,FUN_000c2c7c,26,true
000c2c96,FUN_000c2c96,26,true
000c2cb0,FUN_000c2cb0,318,true
000c2e78,FUN_000c2e78,56,true
000c2eb0,FUN_000c2eb0,42,true
000c2eda,FUN_000c2eda,90,true
000c2f34,FUN_000c2f34,718,true
000c3202,FUN_000c3202,30,true
000c3220,FUN_000c3220,90,true
000c3318,FUN_000c3318,30,true
000c3336,FUN_000c3336,122,true
000c33b0,FUN_000c33b0,158,true
000c345c,FUN_000c345c,98,true
000c34be,FUN_000c34be,64,true
000c3510,FUN_000c3510,122,true
000c358a,FUN_000c358a,22,true
000c35a0,FUN_000c35a0,28,true
000c3610,FUN_000c3610,130,true
000c369c,FUN_000c369c,66,true
000c36de,FUN_000c36de,126,true
000c375c,FUN_000c375c,20,true
000c37e0,FUN_000c37e0,220,true
000c38c8,FUN_000c38c8,344,true
000c3a30,FUN_000c3a30,54,true
000c3a66,FUN_000c3a66,74,true
000c3ab4,FUN_000c3ab4,274,true
000c3bc6,FUN_000c3bc6,444,true
000c3d82,FUN_000c3d82,32,true
000c3db8,FUN_000c3db8,290,true
000c3fda,FUN_000c3fda,24,true
000c3ff2,FUN_000c3ff2,28,true
000c400e,FUN_000c400e,256,true
000c410e,FUN_000c410e,28,true
000c41ec,FUN_000c41ec,248,true
000c42e4,FUN_000c42e4,128,true
000c4366,FUN_000c4366,602,true
000c45c2,FUN_000c45c2,80,true
000c461c,FUN_000c461c,422,true
000c47de,FUN_000c47de,568,true
000c4a18,FUN_000c4a18,142,true
000c4b28,FUN_000c4b28,372,true
000c52d4,FUN_000c52d4,186,true
000c538e,FUN_000c538e,4,true
000c539c,FUN_000c539c,60,true
000c53d8,FUN_000c53d8,106,true
000c5442,FUN_000c5442,68,true
000c54b8,FUN_000c54b8,36,true
000c54dc,FUN_000c54dc,94,true
000c553a,FUN_000c553a,34,true
000c555c,FUN_000c555c,12,true
000c5568,FUN_000c5568,72,true
000c5604,FUN_000c5604,110,true
000c5672,FUN_000c5672,56,true
000c56b4,FUN_000c56b4,164,true
000c5758,FUN_000c5758,384,true
000c58d8,FUN_000c58d8,92,true
000c5940,FUN_000c5940,38,true
000c5966,FUN_000c5966,48,true
000c5996,FUN_000c5996,60,true
000c59d8,FUN_000c59d8,360,true
000c5b40,FUN_000c5b40,752,true
000c5e40,FUN_000c5e40,140,true
000c5ed0,FUN_000c5ed0,48,true
000c5f00,FUN_000c5f00,278,true
000c6016,FUN_000c6016,56,true
000c6060,FUN_000c6060,26,true
000c607a,FUN_000c607a,176,true
000c612a,FUN_000c612a,22,true
000c6140,FUN_000c6140,14,true
000c61e0,FUN_000c61e0,28,true
000c61fc,FUN_000c61fc,86,true
000c6258,FUN_000c6258,114,true
000c62ca,FUN_000c62ca,36,true
000c62f8,FUN_000c62f8,168,true
000c63b8,FUN_000c63b8,284,true
000c64d4,FUN_000c64d4,46,true
000c6502,FUN_000c6502,50,true
000c6540,FUN_000c6540,38,true
000c6566,FUN_000c6566,50,true
000c6598,FUN_000c6598,60,true
000c65d8,FUN_000c65d8,14,true
000c65e6,FUN_000c65e6,12,true
000c65f2,FUN_000c65f2,64,true
000c6632,FUN_000c6632,506,true
000c682c,FUN_000c682c,582,true
000c6a88,FUN_000c6a88,30,true
000c6b98,FUN_000c6b98,278,true
000c6cd8,FUN_000c6cd8,342,true
000c6e2e,FUN_000c6e2e,24,true
000c6e46,FUN_000c6e46,50,true
000c6e78,FUN_000c6e78,8,true
000c6e80,FUN_000c6e80,10,true
000c6e8a,FUN_000c6e8a,64,true
000c6ed8,FUN_000c6ed8,222,true
000c6fb6,FUN_000c6fb6,24,true
000c6fd0,FUN_000c6fd0,50,true
000c7004,FUN_000c7004,10,true
000c700e,FUN_000c700e,54,true
000c704c,FUN_000c704c,30,true
000c706a,FUN_000c706a,30,true
000c7088,FUN_000c7088,22,true
000c709e,FUN_000c709e,250,true
000c71f8,FUN_000c71f8,30,true
000c7216,FUN_000c7216,8,true
000c721e,FUN_000c721e,30,true
000c723c,FUN_000c723c,82,true
000c728e,FUN_000c728e,166,true
000c72d4,FUN_000c72d4,56,true
000c7330,FUN_000c7330,1052,true
000c774c,FUN_000c774c,32,true
000c776c,FUN_000c776c,14,true
000c7788,FUN_000c7788,10,true
000c7792,FUN_000c7792,10,true
000c779c,FUN_000c779c,12,true
000c77a8,FUN_000c77a8,74,true
000c77fc,FUN_000c77fc,14,true
000c780a,FUN_000c780a,26,true
000c7824,FUN_000c7824,32,true
000c7844,FUN_000c7844,18,true
000c7868,FUN_000c7868,24,true
000c7880,FUN_000c7880,652,true
000c7b0c,FUN_000c7b0c,40,true
000c7b34,FUN_000c7b34,14,true
000c7b42,FUN_000c7b42,154,true
000c7bdc,FUN_000c7bdc,88,true
000c7c24,FUN_000c7c24,96,true
000c7da4,FUN_000c7da4,52,true
000c7dd8,FUN_000c7dd8,148,true
000c7e6c,FUN_000c7e6c,384,true
000c7ec8,FUN_000c7ec8,100,true
000c8150,FUN_000c8150,366,true
000c82c8,FUN_000c82c8,306,true
000c83fa,FUN_000c83fa,30,true
000c8418,FUN_000c8418,6,true
000c841e,FUN_000c841e,12,true
000c842a,FUN_000c842a,10,true
000c8434,FUN_000c8434,62,true
000c8484,FUN_000c8484,428,true
000c8644,FUN_000c8644,50,true
000c8676,FUN_000c8676,232,true
000c875e,FUN_000c875e,36,true
000c8782,FUN_000c8782,42,true
000c87c0,FUN_000c87c0,238,true
000c88ae,FUN_000c88ae,18,true
000c88c0,FUN_000c88c0,18,true
000c88d2,FUN_000c88d2,82,true
000c8a70,FUN_000c8a70,88,true
000c8ac8,FUN_000c8ac8,62,true
000c8b06,FUN_000c8b06,16,true
000c8b18,FUN_000c8b18,4,true
000c8b28,FUN_000c8b28,34,true
000c8bae,FUN_000c8bae,52,true
000c8be2,FUN_000c8be2,14,true
000c8c06,FUN_000c8c06,52,true
000c8c40,FUN_000c8c40,6,true
000c8c46,FUN_000c8c46,30,true
000c8c64,FUN_000c8c64,48,true
000c8c94,FUN_000c8c94,20,true
000c8ca8,FUN_000c8ca8,36,true
000c8ccc,FUN_000c8ccc,50,true
000c8d00,FUN_000c8d00,238,true
000c8df8,FUN_000c8df8,120,true
000c8e70,FUN_000c8e70,86,true
000c8ecc,FUN_000c8ecc,86,true
000c8f22,FUN_000c8f22,26,true
000c8f3c,FUN_000c8f3c,16,true
000c8f4c,FUN_000c8f4c,22,true
000c8f68,FUN_000c8f68,98,true
000c9014,FUN_000c9014,4,true
000c9018,FUN_000c9018,4,true
000c901c,FUN_000c901c,32,true
000c903c,FUN_000c903c,4,true
000c9040,FUN_000c9040,4,true
000c9056,FUN_000c9056,68,true
000c909c,FUN_000c909c,82,true
000c90f4,FUN_000c90f4,8,true
000c90fc,FUN_000c90fc,20,true
000c9110,FUN_000c9110,102,true
000c9176,FUN_000c9176,12,true
000c9182,FUN_000c9182,106,true
000c91ec,FUN_000c91ec,6,true
000c93f8,FUN_000c93f8,26,true
000c9412,FUN_000c9412,42,true
000c943c,FUN_000c943c,88,true
000c949a,FUN_000c949a,200,true
000c9562,FUN_000c9562,40,true
000c958a,FUN_000c958a,96,true
000c962c,FUN_000c962c,6,true
000c9632,FUN_000c9632,4,true
000c969e,FUN_000c969e,60,true
000c98e0,FUN_000c98e0,54,true
000c9916,FUN_000c9916,38,true
000c992a,FUN_000c992a,6,true
000c9930,thunk_FUN_000b01d0,4,true
000c993a,FUN_000c993a,6,true
000c9940,FUN_000c9940,62,true
000c9986,FUN_000c9986,30,true
000c99bc,FUN_000c99bc,4,true
000c99c0,FUN_000c99c0,8,true
000c99e4,FUN_000c99e4,110,true
000c9a52,FUN_000c9a52,36,true
000c9d1a,FUN_000c9d1a,6,true
000c9d24,FUN_000c9d24,8,true
000ca230,FUN_000ca230,36,true
000ca254,FUN_000ca254,24,true
000ca27a,FUN_000ca27a,46,true
000ca2a8,FUN_000ca2a8,188,true
000ca368,FUN_000ca368,172,true
000ca7e4,FUN_000ca7e4,366,true
000ca83c,FUN_000ca83c,30,true
000ca85a,FUN_000ca85a,80,true
000ca8aa,FUN_000ca8aa,82,true
000ca926,FUN_000ca926,6,true
000ca92c,thunk_FUN_000b01d0,4,true
000ca930,FUN_000ca930,14,true
000ca958,FUN_000ca958,58,true
000ca992,FUN_000ca992,28,true
000ca9ae,FUN_000ca9ae,14,true
000ca9c0,FUN_000ca9c0,60,true
000ca9fc,FUN_000ca9fc,138,true
000caa86,FUN_000caa86,166,true
000cab2c,FUN_000cab2c,96,true
000cab8c,FUN_000cab8c,160,true
000cac2c,FUN_000cac2c,14,true
000cacde,FUN_000cacde,30,true
000cacfc,FUN_000cacfc,214,true
000cadd2,FUN_000cadd2,56,true
000cae12,FUN_000cae12,294,true
000caf38,FUN_000caf38,88,true
000caf90,FUN_000caf90,24,true
000cafa8,FUN_000cafa8,138,true
000cb04a,FUN_000cb04a,30,true
000cb068,FUN_000cb068,84,true
000cb0bc,FUN_000cb0bc,196,true
000cb180,FUN_000cb180,46,true
000cb3dc,FUN_000cb3dc,238,true
000cb4ca,FUN_000cb4ca,286,true
000cb5e8,FUN_000cb5e8,46,true
000cb616,FUN_000cb616,54,true
000cb64c,FUN_000cb64c,18,true
000cb65e,FUN_000cb65e,116,true
000cb6e6,FUN_000cb6e6,168,true
000cb78e,FUN_000cb78e,42,true
000cb7b8,FUN_000cb7b8,66,true
000cb7fa,FUN_000cb7fa,12,true
000cb812,FUN_000cb812,198,true
000cb8d8,FUN_000cb8d8,152,true
000cbbb4,FUN_000cbbb4,150,true
000cbc46,FUN_000cbc46,6,true
000cbc4c,FUN_000cbc4c,54,true
000cbc82,FUN_000cbc82,40,true
000cbcb0,FUN_000cbcb0,6,true
000cbd22,FUN_000cbd22,24,true
000cbd3a,FUN_000cbd3a,10,true
000cbd44,FUN_000cbd44,12,true
000cbd74,FUN_000cbd74,22,true
000cbd84,FUN_000cbd84,6,true
000cbd8a,FUN_000cbd8a,170,true
000cbe46,FUN_000cbe46,62,true
000cbe84,FUN_000cbe84,18,true
000cbe96,FUN_000cbe96,4,true
000cbe9a,FUN_000cbe9a,46,true
000cbed8,FUN_000cbed8,14,true
000cbee6,FUN_000cbee6,28,true
000cbf02,FUN_000cbf02,8,true
000cbf0a,FUN_000cbf0a,212,true
000cbf80,FUN_000cbf80,48,true
000cc0dc,FUN_000cc0dc,78,true
000cc12a,FUN_000cc12a,58,true
000cc164,FUN_000cc164,38,true
000cc18a,FUN_000cc18a,34,true
000cc1ac,FUN_000cc1ac,64,true
000cc606,FUN_000cc606,22,true
000cc614,FUN_000cc614,26,true
000cc6dc,FUN_000cc6dc,90,true
000cc736,FUN_000cc736,8,true
000cc73e,FUN_000cc73e,84,true
000cc7c4,FUN_000cc7c4,82,true
000cc8e2,FUN_000cc8e2,66,true
000cc924,FUN_000cc924,54,true
000cc962,FUN_000cc962,362,true
000cc976,FUN_000cc976,46,true
000cc9a4,FUN_000cc9a4,12,true
000cc9b0,FUN_000cc9b0,52,true
000cc9e2,FUN_000cc9e2,40,true
000cca0a,FUN_000cca0a,40,true
000cca32,FUN_000cca32,52,true
000ccaa2,FUN_000ccaa2,22,true
000ccab8,FUN_000ccab8,30,true
000ccaf8,FUN_000ccaf8,6,true
000ccb6e,FUN_000ccb6e,18,true
000ccb80,FUN_000ccb80,14,true
000ccbd2,FUN_000ccbd2,66,true
000ccc14,FUN_000ccc14,52,true
000ccc48,FUN_000ccc48,20,true
000ccc5c,FUN_000ccc5c,46,true
000ccc8a,FUN_000ccc8a,36,true
000cccae,FUN_000cccae,20,true
000ccd10,FUN_000ccd10,36,true
000ccd34,FUN_000ccd34,50,true
000ccd66,FUN_000ccd66,70,true
000ccdac,FUN_000ccdac,26,true
000ccdc8,FUN_000ccdc8,50,true
000ccdfa,FUN_000ccdfa,206,true
000cced0,FUN_000cced0,108,true
000ccf44,FUN_000ccf44,42,true
000ccf6e,FUN_000ccf6e,210,true
000cd054,FUN_000cd054,186,true
000cd116,FUN_000cd116,32,true
000cd3f2,FUN_000cd3f2,6,true
000cd3f8,FUN_000cd3f8,178,true
000cd4d4,FUN_000cd4d4,62,true
000cd58c,FUN_000cd58c,34,true
000cd5ae,FUN_000cd5ae,52,true
000cd5e8,FUN_000cd5e8,58,true
000cd622,FUN_000cd622,34,true
000cd65c,FUN_000cd65c,42,true
000cd686,FUN_000cd686,46,true
000cd734,FUN_000cd734,102,true
000cd79a,FUN_000cd79a,4,true
000cd79e,FUN_000cd79e,16,true
000cd7ae,FUN_000cd7ae,136,true
000cd838,FUN_000cd838,62,true
000cd878,FUN_000cd878,48,true
000cd8a8,FUN_000cd8a8,66,true
000cd918,FUN_000cd918,12,true
000cd96c,FUN_000cd96c,124,true
000cd9e8,FUN_000cd9e8,206,true
000cdab6,FUN_000cdab6,28,true
000cdad2,FUN_000cdad2,12,true
000cdade,FUN_000cdade,22,true
000cdb16,FUN_000cdb16,56,true
000cdb64,FUN_000cdb64,504,true
000cddb8,FUN_000cddb8,10,true
000cddc2,FUN_000cddc2,24,true
000cddda,FUN_000cddda,94,true
000cde38,FUN_000cde38,86,true
000cde8e,FUN_000cde8e,126,true
000cdf0c,FUN_000cdf0c,6,true
000cdf20,FUN_000cdf20,4,true
000cdf24,FUN_000cdf24,50,true
000cdfd4,FUN_000cdfd4,32,true
000cdfdc,FUN_000cdfdc,38,true
000ce032,FUN_000ce032,34,true
000ce172,FUN_000ce172,144,true
000ce1a4,FUN_000ce1a4,90,true
000ce1fe,FUN_000ce1fe,34,true
000ce220,FUN_000ce220,8,true
000ce228,FUN_000ce228,6,true
000ce22e,FUN_000ce22e,6,true
000ce234,FUN_000ce234,6,true
000ce240,FUN_000ce240,118,true
000ce2b6,FUN_000ce2b6,62,true
000ce2f8,FUN_000ce2f8,464,true
000ce4e4,FUN_000ce4e4,80,true
000ce534,FUN_000ce534,96,true
000ce594,FUN_000ce594,94,true
000ce5f2,FUN_000ce5f2,112,true
000ce662,FUN_000ce662,104,true
000ce6ca,FUN_000ce6ca,124,true
000ce746,FUN_000ce746,122,true
000ce7c0,FUN_000ce7c0,32,true
000ce82e,FUN_000ce82e,114,true
000ce8a0,FUN_000ce8a0,46,true
000cec0a,FUN_000cec0a,70,true
000cec50,FUN_000cec50,6,true
000cec68,FUN_000cec68,10,true
000cec78,FUN_000cec78,50,true
000cecac,FUN_000cecac,20,true
000cecd0,FUN_000cecd0,14,true
000cecde,FUN_000cecde,60,true
000ced1a,FUN_000ced1a,80,true
000ced6a,FUN_000ced6a,28,true
000ced86,FUN_000ced86,74,true
000cedd0,FUN_000cedd0,42,true
000cedfa,FUN_000cedfa,22,true
000cee10,FUN_000cee10,46,true
000cee3e,thunk_FUN_00090d02,4,true
000cee42,FUN_000cee42,14,true
000ceefa,FUN_000ceefa,10,true
000cef0a,FUN_000cef0a,48,true
000cef6e,FUN_000cef6e,64,true
000cef88,FUN_000cef88,216,true
000cf060,FUN_000cf060,56,true
000cf098,FUN_000cf098,16,true
000cf0f0,FUN_000cf0f0,28,true
000cf10c,FUN_000cf10c,14,true
000cf206,FUN_000cf206,44,true
000cf232,FUN_000cf232,44,true
000cf26e,FUN_000cf26e,10,true
000cf278,FUN_000cf278,58,true
000cf2ee,FUN_000cf2ee,36,true
000cf382,FUN_000cf382,42,true
000cf3ac,FUN_000cf3ac,48,true
000cf3dc,FUN_000cf3dc,56,true
000cf414,FUN_000cf414,12,true
000cf420,FUN_000cf420,298,true
000cf558,FUN_000cf558,464,true
000cf728,FUN_000cf728,54,true
000cf760,FUN_000cf760,272,true
000cf870,FUN_000cf870,326,true
000cf9b6,FUN_000cf9b6,40,true
000cfa0c,FUN_000cfa0c,140,true
000cfa76,FUN_000cfa76,56,true
000cfaae,FUN_000cfaae,106,true
000cfb18,FUN_000cfb18,306,true
000cfc4a,FUN_000cfc4a,278,true
000cfd60,FUN_000cfd60,78,true
000cfdbc,FUN_000cfdbc,106,true
000cfe26,FUN_000cfe26,78,true
000cfe74,FUN_000cfe74,126,true
000cff16,FUN_000cff16,300,true
000d00bc,FUN_000d00bc,68,true
000d0100,FUN_000d0100,208,true
000d01d0,FUN_000d01d0,6,true
000d01d6,FUN_000d01d6,12,true
000d01e2,FUN_000d01e2,6,true
000d01e8,FUN_000d01e8,156,true
000d0294,FUN_000d0294,362,true
000d03fe,FUN_000d03fe,138,true
000d0488,FUN_000d0488,58,true
000d04c2,FUN_000d04c2,28,true
000d0548,FUN_000d0548,46,true
000d0576,FUN_000d0576,34,true
000d0598,FUN_000d0598,56,true
000d05d0,FUN_000d05d0,362,true
000d073c,FUN_000d073c,80,true
000d078c,FUN_000d078c,178,true
000d099c,FUN_000d099c,6,true
000d09a2,FUN_000d09a2,30,true
000d09c0,FUN_000d09c0,10,true
000d09ca,FUN_000d09ca,72,true
000d0a6c,FUN_000d0a6c,94,true
000d0aca,FUN_000d0aca,106,true
000d0b48,FUN_000d0b48,36,true
000d0ba0,FUN_000d0ba0,10,true
000d0baa,FUN_000d0baa,16,true
000d0bba,FUN_000d0bba,74,true
000d0c04,FUN_000d0c04,66,true
000d0c46,FUN_000d0c46,64,true
000d0c86,FUN_000d0c86,8,true
000d0c8e,FUN_000d0c8e,8,true
000d0d70,FUN_000d0d70,54,true
000d0dc0,FUN_000d0dc0,30,true
000d0dde,FUN_000d0dde,40,true
000d0e0c,FUN_000d0e0c,146,true
000d0e9e,FUN_000d0e9e,148,true
000d0f32,FUN_000d0f32,30,true
000d0f50,FUN_000d0f50,260,true
000d105e,FUN_000d105e,14,true
000d1078,FUN_000d1078,124,true
000d10f4,FUN_000d10f4,152,true
000d118c,FUN_000d118c,106,true
000d11f6,FUN_000d11f6,158,true
000d1294,FUN_000d1294,6524,true
000d2f06,FUN_000d2f06,6,true
000d2f0c,FUN_000d2f0c,18,true
000d2f1e,FUN_000d2f1e,766,true
000d324c,FUN_000d324c,60,true
000d3290,FUN_000d3290,10,true
000d32ae,FUN_000d32ae,10,true
000d32b8,FUN_000d32b8,30,true
000d32d6,FUN_000d32d6,24,true
000d32ee,FUN_000d32ee,22,true
000d3304,FUN_000d3304,4,true
000d3308,FUN_000d3308,22,true
000d331e,FUN_000d331e,18,true
000d3330,FUN_000d3330,14,true
000d3342,FUN_000d3342,4,true
000d3350,FUN_000d3350,86,true
000d33a6,FUN_000d33a6,42,true
000d33d0,FUN_000d33d0,26,true
000d33ea,FUN_000d33ea,14,true
000d34b8,FUN_000d34b8,58,true
000d3544,FUN_000d3544,6,true
000d355a,FUN_000d355a,20,true
000d356e,FUN_000d356e,4,true
000d3578,FUN_000d3578,6,true
000d357e,FUN_000d357e,2,true
000d3588,FUN_000d3588,40,true
000d35b0,FUN_000d35b0,72,true
000d3600,FUN_000d3600,74,true
000d364a,FUN_000d364a,88,true
000d36a2,FUN_000d36a2,30,true
000d36c8,FUN_000d36c8,436,true
000d387c,FUN_000d387c,10,true
000d3886,FUN_000d3886,10,true
000d3890,FUN_000d3890,12,true
000d38bc,FUN_000d38bc,104,true
000d3924,FUN_000d3924,52,true
000d3958,FUN_000d3958,30,true
000d3976,FUN_000d3976,26,true
000d3990,FUN_000d3990,26,true
000d39aa,FUN_000d39aa,34,true
000d39cc,FUN_000d39cc,922,true
000d3d66,FUN_000d3d66,26,true
000d3d80,FUN_000d3d80,142,true
000d3e2c,FUN_000d3e2c,26,true
000d3e46,FUN_000d3e46,6,true
000d3e4c,FUN_000d3e4c,34,true
000d3e6e,FUN_000d3e6e,10,true
000d3e78,FUN_000d3e78,82,true
000d3eca,FUN_000d3eca,38,true
000d3ef0,thunk_FUN_000d3eca,2,true
000d3ef2,FUN_000d3ef2,68,true
000d3f36,thunk_FUN_000d3ef2,2,true
000d3f38,FUN_000d3f38,118,true
000d3fae,thunk_FUN_000d3f38,2,true
000d3fb0,FUN_000d3fb0,6,true
000d3fb6,FUN_000d3fb6,332,true
000d4102,FUN_000d4102,30,true
000d4120,FUN_000d4120,30,true
000d4140,FUN_000d4140,408,true
000d42da,FUN_000d42da,22,true
000d42f0,FUN_000d42f0,54,true
000d4326,FUN_000d4326,208,true
000d43f6,FUN_000d43f6,78,true
000d4444,FUN_000d4444,114,true
000d44b6,FUN_000d44b6,150,true
000d454c,FUN_000d454c,170,true
000d460a,FUN_000d460a,72,true
000d4652,FUN_000d4652,82,true
000d46a4,FUN_000d46a4,90,true
000d471c,FUN_000d471c,166,true
000d47c2,FUN_000d47c2,234,true
000d48ac,FUN_000d48ac,10,true
000d48cc,FUN_000d48cc,84,true
000d4920,FUN_000d4920,24,true
000d4950,FUN_000d4950,160,true
000d497c,FUN_000d497c,62,true
000d4cf0,FUN_000d4cf0,54,true
000d4d26,FUN_000d4d26,38,true
000d4d74,FUN_000d4d74,48,true
000d4da4,FUN_000d4da4,46,true
000d4dd8,FUN_000d4dd8,54,true
000d4e0e,FUN_000d4e0e,138,true
000d4e98,FUN_000d4e98,102,true
000d4efe,FUN_000d4efe,6,true
000d4f04,FUN_000d4f04,6,true
000d4f0a,FUN_000d4f0a,40,true
000d4f40,FUN_000d4f40,30,true
000d4f5e,FUN_000d4f5e,6,true
000d4f64,FUN_000d4f64,44,true
000d4fc2,FUN_000d4fc2,56,true
000d4fd6,FUN_000d4fd6,22,true
000d4fec,FUN_000d4fec,34,true
000d500e,FUN_000d500e,34,true
000d5030,FUN_000d5030,30,true
000d504e,FUN_000d504e,362,true
000d51be,FUN_000d51be,48,true
000d51ee,FUN_000d51ee,70,true
000d5234,FUN_000d5234,68,true
000d5278,FUN_000d5278,6,true
000d527e,FUN_000d527e,6,true
000d5328,FUN_000d5328,132,true
000d53f0,FUN_000d53f0,80,true
000d53fc,FUN_000d53fc,68,true
000d5440,FUN_000d5440,24,true
000d5554,FUN_000d5554,230,true
000d5662,FUN_000d5662,6,true
000d5668,FUN_000d5668,36,true
000d566e,FUN_000d566e,6,true
000d5854,FUN_000d5854,410,true
000d5958,FUN_000d5958,286,true
000d5a76,FUN_000d5a76,50,true
000d5aa8,FUN_000d5aa8,150,true
000d5b3e,FUN_000d5b3e,14,true
000d5e54,FUN_000d5e54,6,true
000d5e66,FUN_000d5e66,142,true
000d5f3c,FUN_000d5f3c,30,true
000d5f74,FUN_000d5f74,94,true
000d5fd2,FUN_000d5fd2,78,true
000d6020,FUN_000d6020,48,true
000d6054,FUN_000d6054,72,true
000d60d8,FUN_000d60d8,22,true
000d6128,FUN_000d6128,38,true
000d614e,FUN_000d614e,18,true
000d6160,FUN_000d6160,56,true
000d6198,FUN_000d6198,10,true
000d61a2,FUN_000d61a2,32,true
000d61c2,FUN_000d61c2,86,true
000d6218,FUN_000d6218,52,true
000d624c,FUN_000d624c,66,true
000d628e,FUN_000d628e,188,true
000d634a,FUN_000d634a,20,true
000d635e,FUN_000d635e,20,true
000d6372,FUN_000d6372,18,true
000d6384,FUN_000d6384,74,true
000d63ce,FUN_000d63ce,94,true
000d642c,FUN_000d642c,16,true
000d643c,FUN_000d643c,14,true
000d6480,FUN_000d6480,24,true
000d649c,FUN_000d649c,14,true
000d64aa,FUN_000d64aa,12,true
000d64b6,FUN_000d64b6,48,true
000d64fa,FUN_000d64fa,12,true
000d6508,FUN_000d6508,1434,true
000d6b14,FUN_000d6b14,34,true
000d6b3c,FUN_000d6b3c,12,true
000d6b48,FUN_000d6b48,4,true
000d6b4c,FUN_000d6b4c,4,true
000d6b50,FUN_000d6b50,4,true
000d6b54,FUN_000d6b54,8,true
000d6b5c,FUN_000d6b5c,14,true
000d6b6c,FUN_000d6b6c,212,true
000d6c48,FUN_000d6c48,10,true
000d6c52,FUN_000d6c52,28,true
000d6c6e,FUN_000d6c6e,94,true
000d6ccc,FUN_000d6ccc,24,true
000d6ce4,FUN_000d6ce4,24,true
000d6cfc,FUN_000d6cfc,8,true
000d6d10,FUN_000d6d10,2,true
000d6d14,vector_core_4,26,true
000d6d1a,FUN_000d6d1a,6,true
000d6d36,FUN_000d6d36,18,true
000d6d78,FUN_000d6d78,10,true
000d6dda,FUN_000d6dda,12,true
000d6de6,FUN_000d6de6,32,true
000d6e06,FUN_000d6e06,40,true
000d6e24,FUN_000d6e24,192,true
000d6fbe,FUN_000d6fbe,64,true
000d6ffe,FUN_000d6ffe,102,true
000d700c,FUN_000d700c,30,true
000d702a,FUN_000d702a,12,true
000d7086,FUN_000d7086,8,true
000d708e,FUN_000d708e,22,true
000d70c4,FUN_000d70c4,6,true
000d70ce,FUN_000d70ce,10,true
000d7122,FUN_000d7122,10,true
000d7136,FUN_000d7136,16,true
000d7146,FUN_000d7146,66,true
000d7188,FUN_000d7188,42,true
000d71b2,FUN_000d71b2,70,true
000d71f8,FUN_000d71f8,70,true
000d724a,FUN_000d724a,56,true
000d7298,FUN_000d7298,6,true
000d72f6,FUN_000d72f6,10,true
000d730a,FUN_000d730a,38,true
000d7330,FUN_000d7330,34,true
000d7352,FUN_000d7352,32,true
000d7368,FUN_000d7368,58,true
000d7398,FUN_000d7398,22,true
000d73ae,FUN_000d73ae,1552,true
000d7a9c,FUN_000d7a9c,100,true
000d7b00,FUN_000d7b00,904,true
000d7fc2,FUN_000d7fc2,22,true
000d7fd8,FUN_000d7fd8,80,true
000d8028,FUN_000d8028,152,true
000d80c0,FUN_000d80c0,682,true
000d8452,FUN_000d8452,210,true
000d8482,FUN_000d8482,52,true
000d84b4,FUN_000d84b4,48,true
000d8528,FUN_000d8528,6,true
000d859a,FUN_000d859a,18,true
000d85ac,FUN_000d85ac,10,true
000d85cc,FUN_000d85cc,6,true
000d85d2,FUN_000d85d2,4,true
000d8604,FUN_000d8604,10,true
000d862a,FUN_000d862a,10,true
000d863e,FUN_000d863e,48,true
000d866e,FUN_000d866e,22,true
000d8684,FUN_000d8684,36,true
000d86b4,FUN_000d86b4,182,true
000d876a,FUN_000d876a,20,true
000d88e4,FUN_000d88e4,50,true
000d8944,FUN_000d8944,474,true
000d8b1e,FUN_000d8b1e,4,true
000d8b22,FUN_000d8b22,6,true
000d8b28,FUN_000d8b28,74,true
000d8b72,FUN_000d8b72,50,true
000d8c8c,FUN_000d8c8c,90,true
000d8d08,FUN_000d8d08,66,true
000d8d4a,FUN_000d8d4a,102,true
000d8e76,FUN_000d8e76,48,true
000d8ea6,FUN_000d8ea6,102,true
000d8f68,FUN_000d8f68,60,true
000d8fc4,FUN_000d8fc4,4,true
000d8fc8,FUN_000d8fc8,56,true
000d9000,FUN_000d9000,64,true
000d9040,FUN_000d9040,6,true
000d9046,FUN_000d9046,24,true
000d9068,FUN_000d9068,34,true
000d908a,FUN_000d908a,48,true
000d90c8,FUN_000d90c8,22,true
000d90e4,thunk_FUN_000a6e82,4,true
000d9136,FUN_000d9136,102,true
000d914e,FUN_000d914e,6,true
000d9154,FUN_000d9154,32,true
000d9174,FUN_000d9174,22,true
000d9212,FUN_000d9212,100,true
000d9240,FUN_000d9240,10,true
000d924a,FUN_000d924a,12,true
000d9256,FUN_000d9256,10,true
000d926a,FUN_000d926a,10,true
000d9274,FUN_000d9274,10,true
000d927e,FUN_000d927e,10,true
000d9288,FUN_000d9288,26,true
000d92a2,FUN_000d92a2,24,true
000d92ba,FUN_000d92ba,1090,true
000d971c,FUN_000d971c,32,true
000d973c,FUN_000d973c,16,true
000d974c,FUN_000d974c,16,true
000d975c,FUN_000d975c,24,true
000d97bc,FUN_000d97bc,88,true
000d9814,FUN_000d9814,16,true
000d9846,FUN_000d9846,88,true
000d98fe,FUN_000d98fe,96,true
000d9a6e,FUN_000d9a6e,18,true
000d9a80,FUN_000d9a80,98,true
000d9aec,FUN_000d9aec,50,true
000d9ba6,FUN_000d9ba6,190,true
000d9ca6,FUN_000d9ca6,28,true
000d9cc2,FUN_000d9cc2,30,true
000d9ce0,FUN_000d9ce0,18,true
000d9d28,FUN_000d9d28,28,true
000d9d4a,FUN_000d9d4a,206,true
000d9e18,FUN_000d9e18,790,true
000da0f8,FUN_000da0f8,158,true
000da312,FUN_000da312,28,true
000da32e,FUN_000da32e,114,true
000da37e,FUN_000da37e,26,true
000da398,FUN_000da398,92,true
000da3f4,FUN_000da3f4,122,true
000da4a0,FUN_000da4a0,46,true
000da4ce,FUN_000da4ce,186,true
000da606,FUN_000da606,24,true
000da61e,FUN_000da61e,64,true
000da632,FUN_000da632,48,true
000da640,FUN_000da640,238,true
000da72e,FUN_000da72e,80,true
000da77e,FUN_000da77e,82,true
000da7cc,FUN_000da7cc,56,true
000da804,FUN_000da804,50,true
000da836,FUN_000da836,50,true
000da888,FUN_000da888,20,true
000da89c,FUN_000da89c,38,true
000da8f2,FUN_000da8f2,40,true
000da91c,FUN_000da91c,32,true
000da93e,FUN_000da93e,36,true
000da962,FUN_000da962,28,true
000da988,FUN_000da988,62,true
000daa20,FUN_000daa20,130,true
000daaa2,FUN_000daaa2,50,true
000daad4,FUN_000daad4,52,true
000dab08,FUN_000dab08,48,true
000dab90,FUN_000dab90,30,true
000dabae,FUN_000dabae,14,true
000dabbc,FUN_000dabbc,72,true
000dac04,FUN_000dac04,26,true
000dac1e,FUN_000dac1e,86,true
000dac74,FUN_000dac74,210,true
000dad46,FUN_000dad46,40,true
000dad6e,FUN_000dad6e,192,true
000dae30,FUN_000dae30,42,true
000dae5a,FUN_000dae5a,38,true
000dae80,FUN_000dae80,68,true
000daecc,FUN_000daecc,36,true
000daefa,FUN_000daefa,40,true
000daf22,FUN_000daf22,38,true
000daf54,FUN_000daf54,26,true
000daf6e,FUN_000daf6e,56,true
000dafde,FUN_000dafde,56,true
000db016,FUN_000db016,102,true
000db07c,FUN_000db07c,90,true
000db0d6,FUN_000db0d6,72,true
000db2e0,FUN_000db2e0,30,true
000db2fe,FUN_000db2fe,42,true
000db328,FUN_000db328,48,true
000db358,FUN_000db358,20,true
000db36c,FUN_000db36c,18,true
000db37e,FUN_000db37e,18,true
000db396,FUN_000db396,34,true
000db3b8,FUN_000db3b8,108,true
000db424,FUN_000db424,22,true
000db43a,FUN_000db43a,32,true
000db45c,FUN_000db45c,94,true
000db4ba,FUN_000db4ba,72,true
000db4d6,FUN_000db4d6,18,true
000db500,FUN_000db500,18,true
000db512,FUN_000db512,24,true
000db554,FUN_000db554,174,true
000db602,FUN_000db602,18,true
000db614,FUN_000db614,18,true
000db626,FUN_000db626,232,true
000db7ce,FUN_000db7ce,12,true
000db7da,FUN_000db7da,14,true
000db7e8,FUN_000db7e8,12,true
000db7f4,FUN_000db7f4,8,true
000db7fc,FUN_000db7fc,102,true
000db8b8,FUN_000db8b8,176,true
000db968,FUN_000db968,22,true
000db97e,FUN_000db97e,304,true
000dbac0,FUN_000dbac0,4,true
000dbac4,FUN_000dbac4,82,true
000dbb16,FUN_000dbb16,18,true
000dbb28,FUN_000dbb28,94,true
000dbb86,FUN_000dbb86,152,true
000dbd5c,FUN_000dbd5c,46,true
000dbd9c,FUN_000dbd9c,38,true
000dbdcc,FUN_000dbdcc,94,true
000dbe2a,FUN_000dbe2a,34,true
000dbe4c,FUN_000dbe4c,32,true
000dbe6c,FUN_000dbe6c,684,true
000dc118,FUN_000dc118,150,true
000dc1ae,FUN_000dc1ae,144,true
000dc256,FUN_000dc256,46,true
000dc284,FUN_000dc284,2074,true
000dcaca,FUN_000dcaca,26,true
000dcae4,FUN_000dcae4,26,true
000dcafe,FUN_000dcafe,44,true
000dcb2a,FUN_000dcb2a,26,true
000dcb44,FUN_000dcb44,20,true
000dcb58,FUN_000dcb58,154,true
000dcbf4,FUN_000dcbf4,360,true
000dcd5e,FUN_000dcd5e,226,true
000dce40,FUN_000dce40,240,true
000dcf34,FUN_000dcf34,568,true
000dd16c,FUN_000dd16c,92,true
000dd360,FUN_000dd360,354,true
000dd4c2,FUN_000dd4c2,218,true
000dd59c,FUN_000dd59c,316,true
000dd6de,FUN_000dd6de,308,true
000dd836,FUN_000dd836,104,true
000dd89e,FUN_000dd89e,190,true
000dd95c,FUN_000dd95c,158,true
000dd9fa,FUN_000dd9fa,166,true
000ddbcc,FUN_000ddbcc,282,true
000ddce2,FUN_000ddce2,130,true
000ddd64,FUN_000ddd64,234,true
000dde56,FUN_000dde56,296,true
000ddf88,FUN_000ddf88,272,true
000de098,FUN_000de098,58,true
000de1cc,FUN_000de1cc,14,true
000de1da,FUN_000de1da,16,true
000de1ea,FUN_000de1ea,32,true
000de20c,FUN_000de20c,18,true
000de21e,FUN_000de21e,62,true
000de2b6,FUN_000de2b6,106,true
000de320,FUN_000de320,106,true
000de348,FUN_000de348,32,true
000de368,FUN_000de368,54,true
000de39e,FUN_000de39e,30,true
000de3bc,thunk_FUN_00090d02,4,true
000de3c0,FUN_000de3c0,14,true
000de4d6,FUN_000de4d6,10,true
000de4e0,FUN_000de4e0,6,true
000de4e6,FUN_000de4e6,50,true
000de524,FUN_000de524,44,true
000de550,FUN_000de550,46,true
000de57e,FUN_000de57e,46,true
000de674,FUN_000de674,38,true
000de6ac,FUN_000de6ac,56,true
000de6e4,FUN_000de6e4,40,true
000de710,FUN_000de710,42,true
000de73a,FUN_000de73a,32,true
000de768,FUN_000de768,4,true
000de79c,FUN_000de79c,54,true
000de7d6,FUN_000de7d6,70,true
000de81e,FUN_000de81e,24,true
000de836,FUN_000de836,22,true
000de878,FUN_000de878,50,true
000de8b0,FUN_000de8b0,16,true
000de8c0,FUN_000de8c0,64,true
000de902,FUN_000de902,158,true
000de9a0,FUN_000de9a0,60,true
000de9ea,FUN_000de9ea,26,true
000dea14,FUN_000dea14,82,true
000dea2a,FUN_000dea2a,34,true
000dea40,FUN_000dea40,32,true
000dea60,FUN_000dea60,20,true
000dea88,FUN_000dea88,32,true
000deaa8,FUN_000deaa8,478,true
000deb18,FUN_000deb18,40,true
000deb48,FUN_000deb48,18,true
000deb5a,FUN_000deb5a,178,true
000dec0c,FUN_000dec0c,304,true
000ded3c,FUN_000ded3c,60,true
000dee22,FUN_000dee22,128,true
000deeb4,FUN_000deeb4,18,true
000deec6,FUN_000deec6,22,true
000def8e,FUN_000def8e,26,true
000defb8,FUN_000defb8,182,true
000df0f0,FUN_000df0f0,10,true
000df100,FUN_000df100,4,true
000df108,FUN_000df108,54,true
000df140,FUN_000df140,60,true
000df184,FUN_000df184,4,true
000df188,FUN_000df188,98,true
000df1ea,FUN_000df1ea,2,true
000df1ec,FUN_000df1ec,108,true
000df260,FUN_000df260,72,true
000df2b0,FUN_000df2b0,114,true
000df328,FUN_000df328,48,true
000df358,FUN_000df358,20,true
000df36c,FUN_000df36c,224,true
000df450,FUN_000df450,182,true
000df514,FUN_000df514,198,true
000df5da,FUN_000df5da,1742,true
000dfcbe,FUN_000dfcbe,20,true
000dfcd2,FUN_000dfcd2,16,true
000dfce2,FUN_000dfce2,12,true
000dfcf0,FUN_000dfcf0,12,true
000dfd00,thunk_FUN_000d6508,4,true
000dfd04,FUN_000dfd04,50,true
000dfd36,FUN_000dfd36,66,true
000dfd78,FUN_000dfd78,122,true
000dfdf2,FUN_000dfdf2,12,true
000dfdfe,FUN_000dfdfe,240,true
000dff00,FUN_000dff00,134,true
000e004a,FUN_000e004a,164,true
000e0068,FUN_000e0068,92,true
000e00c4,FUN_000e00c4,78,true
000e0112,FUN_000e0112,74,true
000e015c,FUN_000e015c,48,true
000e01be,FUN_000e01be,10,true
000e01c8,FUN_000e01c8,18,true
000e0226,FUN_000e0226,54,true
000e0284,FUN_000e0284,106,true
000e039e,FUN_000e039e,180,true
000e044e,FUN_000e044e,176,true
000e0510,FUN_000e0510,44,true
000e053c,FUN_000e053c,8,true
000e0558,FUN_000e0558,74,true
000e057a,FUN_000e057a,32,true
000e05bc,FUN_000e05bc,10,true
000e05e8,FUN_000e05e8,272,true
000e070c,FUN_000e070c,84,true
000e0760,FUN_000e0760,276,true
000e0874,FUN_000e0874,96,true
000e08d4,FUN_000e08d4,10,true
000e08de,FUN_000e08de,52,true
000e0912,FUN_000e0912,18,true
000e0924,FUN_000e0924,58,true
000e095e,FUN_000e095e,272,true
000e0a96,FUN_000e0a96,142,true
000e0b24,FUN_000e0b24,122,true
000e0b9e,FUN_000e0b9e,26,true
000e0bb8,FUN_000e0bb8,20,true
000e0bcc,FUN_000e0bcc,370,true
000e0d52,FUN_000e0d52,28,true
000e0d76,FUN_000e0d76,14,true
000e0d84,FUN_000e0d84,10,true
000e0db4,FUN_000e0db4,6,true
000e0dc8,FUN_000e0dc8,18,true
000e0e12,FUN_000e0e12,10,true
000e0e26,FUN_000e0e26,32,true
000e0e46,FUN_000e0e46,24,true
000e0e5e,FUN_000e0e5e,46,true
000e0f02,FUN_000e0f02,32,true
000e0f68,FUN_000e0f68,6,true
000e0f8e,FUN_000e0f8e,18,true
000e0fc6,FUN_000e0fc6,10,true
000e0fda,FUN_000e0fda,48,true
000e101e,FUN_000e101e,50,true
000e1050,FUN_000e1050,14,true
000e111a,FUN_000e111a,68,true
000e115e,FUN_000e115e,26,true
000e116e,FUN_000e116e,42,true
000e11b6,FUN_000e11b6,14,true
000e11e4,FUN_000e11e4,6,true
000e1234,FUN_000e1234,10,true
000e123e,thunk_FUN_000b0198,4,true
000e1242,FUN_000e1242,10,true
000e1256,FUN_000e1256,90,true
000e12b0,FUN_000e12b0,110,true
000e13e6,FUN_000e13e6,22,true
000e140c,FUN_000e140c,826,true
000e1746,FUN_000e1746,56,true
000e179a,FUN_000e179a,44,true
000e17c6,FUN_000e17c6,58,true
000e1814,FUN_000e1814,50,true
000e1846,FUN_000e1846,90,true
000e18a0,FUN_000e18a0,430,true
000e1a98,FUN_000e1a98,18,true
000e1b02,FUN_000e1b02,48,true
000e1b34,FUN_000e1b34,6,true
000e1b3e,FUN_000e1b3e,10,true
000e1b48,FUN_000e1b48,18,true
000e1baa,FUN_000e1baa,8,true
000e1bc0,FUN_000e1bc0,18,true
000e1c1e,FUN_000e1c1e,14,true
000e1c30,FUN_000e1c30,16,true
000e1c40,thunk_FUN_000b01d0,4,true
000e1c44,FUN_000e1c44,78,true
000e1c92,FUN_000e1c92,22,true
000e1ca8,FUN_000e1ca8,50,true
000e1cd0,FUN_000e1cd0,72,true
000e1d18,FUN_000e1d18,32,true
000e1d38,FUN_000e1d38,144,true
000e1dc8,FUN_000e1dc8,272,true
000e1ed8,FUN_000e1ed8,128,true
000e1f66,FUN_000e1f66,150,true
000e1ffc,FUN_000e1ffc,64,true
000e203c,FUN_000e203c,68,true
000e2080,FUN_000e2080,22,true
000e2096,FUN_000e2096,150,true
000e212c,FUN_000e212c,150,true
000e21c2,FUN_000e21c2,142,true
000e2394,FUN_000e2394,286,true
000e24b2,FUN_000e24b2,24,true
000e24ca,FUN_000e24ca,98,true
000e252c,FUN_000e252c,376,true
000e26a4,FUN_000e26a4,198,true
000e278c,FUN_000e278c,666,true
000e2a26,FUN_000e2a26,372,true
000e2b9a,FUN_000e2b9a,94,true
000e2c14,FUN_000e2c14,308,true
000e2c1e,FUN_000e2c1e,34,true
000e2c40,FUN_000e2c40,12,true
000e2cb0,FUN_000e2cb0,28,true
000e2ce0,FUN_000e2ce0,68,true
000e2d24,FUN_000e2d24,34,true
000e2d46,FUN_000e2d46,126,true
000e2dc4,thunk_FUN_000e2d46,2,true
000e2de4,FUN_000e2de4,36,true
000e2e98,FUN_000e2e98,240,true
000e2f44,FUN_000e2f44,40,true
000e2f6c,FUN_000e2f6c,26,true
000e2f86,FUN_000e2f86,16,true
000e2f96,FUN_000e2f96,188,true
000e2fe0,FUN_000e2fe0,74,true
000e3060,FUN_000e3060,242,true
000e318c,FUN_000e318c,86,true
000e31e2,FUN_000e31e2,62,true
000e3222,FUN_000e3222,96,true
000e324e,FUN_000e324e,44,true
000e327a,FUN_000e327a,44,true
000e3296,FUN_000e3296,12,true
000e32e4,FUN_000e32e4,20,true
000e32f8,FUN_000e32f8,22,true
000e330e,FUN_000e330e,24,true
000e3328,FUN_000e3328,188,true
000e33e8,FUN_000e33e8,80,true
000e3438,FUN_000e3438,28,true
000e34cc,FUN_000e34cc,114,true
000e3548,FUN_000e3548,38,true
000e356e,FUN_000e356e,46,true
000e35a0,FUN_000e35a0,6,true
000e35a6,FUN_000e35a6,506,true
000e37ac,FUN_000e37ac,34,true
000e37ce,FUN_000e37ce,12,true
000e37e8,FUN_000e37e8,54,true
000e381e,FUN_000e381e,62,true
000e385c,FUN_000e385c,14,true
000e386a,FUN_000e386a,92,true
000e3902,FUN_000e3902,70,true
000e3948,FUN_000e3948,350,true
000e3aa6,FUN_000e3aa6,36,true
000e3aca,FUN_000e3aca,46,true
000e3af8,FUN_000e3af8,58,true
000e3b32,FUN_000e3b32,20,true
000e3b46,FUN_000e3b46,40,true
000e3b6e,FUN_000e3b6e,136,true
000e3c2c,FUN_000e3c2c,16,true
000e3c3c,FUN_000e3c3c,454,true
000e3e02,FUN_000e3e02,106,true
000e3e6e,FUN_000e3e6e,410,true
000e4008,FUN_000e4008,214,true
000e40e6,FUN_000e40e6,94,true
000e4144,FUN_000e4144,136,true
000e41cc,FUN_000e41cc,126,true
000e424a,FUN_000e424a,90,true
000e42a4,FUN_000e42a4,124,true
000e4320,FUN_000e4320,58,true
000e435a,FUN_000e435a,56,true
000e4392,FUN_000e4392,148,true
000e4426,FUN_000e4426,150,true
000e44c0,FUN_000e44c0,284,true
000e45dc,FUN_000e45dc,80,true
000e460a,FUN_000e460a,74,true
000e465a,FUN_000e465a,116,true
000e46ce,FUN_000e46ce,24,true
000e47b8,FUN_000e47b8,4,true
000e47ca,FUN_000e47ca,12,true
000e47d8,FUN_000e47d8,428,true
000e4bf0,FUN_000e4bf0,64,true
000e4c30,FUN_000e4c30,42,true
000e4c5a,FUN_000e4c5a,70,true
000e4ca0,FUN_000e4ca0,126,true
000e4d1e,FUN_000e4d1e,54,true
000e4d54,FUN_000e4d54,112,true
000e4dcc,FUN_000e4dcc,20,true
000e4de0,FUN_000e4de0,752,true
000e503a,FUN_000e503a,60,true
000e5076,FUN_000e5076,124,true
000e50f2,FUN_000e50f2,62,true
000e5130,FUN_000e5130,66,true
000e5172,FUN_000e5172,102,true
000e51d8,FUN_000e51d8,52,true
000e520c,FUN_000e520c,118,true
000e5282,FUN_000e5282,50,true
000e52b4,FUN_000e52b4,14,true
000e52c4,FUN_000e52c4,10,true
000e52d4,FUN_000e52d4,20,true
000e52e8,FUN_000e52e8,110,true
000e5356,FUN_000e5356,38,true
000e5398,FUN_000e5398,100,true
000e53fc,FUN_000e53fc,128,true
000e547c,FUN_000e547c,50,true
000e54ae,FUN_000e54ae,50,true
000e54f8,FUN_000e54f8,48,true
000e5528,FUN_000e5528,538,true
000e5748,FUN_000e5748,6,true
000e574e,FUN_000e574e,6,true
000e5754,FUN_000e5754,6,true
000e575a,FUN_000e575a,6,true
000e5760,FUN_000e5760,6,true
000e5766,FUN_000e5766,2,true
000e5768,FUN_000e5768,90,true
000e57c2,FUN_000e57c2,90,true
000e5858,FUN_000e5858,6,true
000e586c,FUN_000e586c,18,true
000e58a8,FUN_000e58a8,10,true
000e58b2,thunk_FUN_000b0198,4,true
000e58b6,FUN_000e58b6,10,true
000e58ce,FUN_000e58ce,8,true
000e58e4,FUN_000e58e4,18,true
000e58f6,FUN_000e58f6,18,true
000e5982,FUN_000e5982,132,true
000e5a7e,FUN_000e5a7e,30,true
000e5a9c,FUN_000e5a9c,210,true
000e5b6e,FUN_000e5b6e,34,true
000e5b90,FUN_000e5b90,122,true
000e5c0a,FUN_000e5c0a,66,true
000e5c68,FUN_000e5c68,64,true
000e5c84,thunk_FUN_000b01b4,4,true
000e5c88,thunk_FUN_000b01d0,4,true
000e5c8c,FUN_000e5c8c,168,true
000e5cbe,FUN_000e5cbe,50,true
000e5cf2,FUN_000e5cf2,152,true
000e5d76,FUN_000e5d76,14,true
000e5e08,FUN_000e5e08,198,true
000e5ece,FUN_000e5ece,102,true
000e5f34,FUN_000e5f34,102,true
000e5f9a,FUN_000e5f9a,152,true
000e6032,FUN_000e6032,76,true
000e607e,FUN_000e607e,108,true
000e60ea,FUN_000e60ea,32,true
000e610a,FUN_000e610a,22,true
000e6138,FUN_000e6138,328,true
000e6280,FUN_000e6280,22,true
000e6296,FUN_000e6296,22,true
000e62bc,FUN_000e62bc,22,true
000e62d2,FUN_000e62d2,36,true
000e62f6,FUN_000e62f6,56,true
000e632e,FUN_000e632e,38,true
000e6354,FUN_000e6354,130,true
000e63d6,FUN_000e63d6,14,true
000e63e4,FUN_000e63e4,188,true
000e64a6,FUN_000e64a6,22,true
000e64d2,FUN_000e64d2,18,true
000e64ec,FUN_000e64ec,100,true
000e656c,FUN_000e656c,6,true
000e65ca,FUN_000e65ca,10,true
000e65de,FUN_000e65de,42,true
000e6608,FUN_000e6608,22,true
000e6630,FUN_000e6630,6,true
000e668e,FUN_000e668e,10,true
000e66a6,FUN_000e66a6,8,true
000e6706,FUN_000e6706,10,true
000e671a,FUN_000e671a,34,true
000e673c,FUN_000e673c,34,true
000e675e,FUN_000e675e,48,true
000e678e,FUN_000e678e,34,true
000e67b0,FUN_000e67b0,50,true
000e67e0,FUN_000e67e0,28,true
000e67fc,FUN_000e67fc,98,true
000e685e,FUN_000e685e,48,true
000e688e,FUN_000e688e,14,true
000e689c,FUN_000e689c,86,true
000e68f2,FUN_000e68f2,88,true
000e694a,FUN_000e694a,60,true
000e6986,FUN_000e6986,98,true
000e69e8,FUN_000e69e8,62,true
000e6a30,FUN_000e6a30,222,true
000e6b0e,FUN_000e6b0e,182,true
000e6b3a,FUN_000e6b3a,144,true
000e6bca,FUN_000e6bca,302,true
000e6d92,FUN_000e6d92,28,true
000e6dae,FUN_000e6dae,38,true
000e7080,FUN_000e7080,98,true
000e70e2,FUN_000e70e2,104,true
000e71e8,FUN_000e71e8,22,true
000e71fe,FUN_000e71fe,52,true
000e72b0,FUN_000e72b0,248,true
000e7316,FUN_000e7316,198,true
000e73f8,FUN_000e73f8,36,true
000e741c,FUN_000e741c,38,true
000e7442,FUN_000e7442,36,true
000e7466,FUN_000e7466,36,true
000e748a,FUN_000e748a,26,true
000e74a4,FUN_000e74a4,26,true
000e74be,FUN_000e74be,38,true
000e74e4,FUN_000e74e4,36,true
000e7508,FUN_000e7508,36,true
000e752c,FUN_000e752c,40,true
000e7554,FUN_000e7554,86,true
000e75aa,FUN_000e75aa,514,true
000e77c4,FUN_000e77c4,4,true
000e77d2,FUN_000e77d2,44,true
000e77fe,FUN_000e77fe,10,true
000e7808,FUN_000e7808,84,true
000e785c,FUN_000e785c,130,true
000e78de,FUN_000e78de,128,true
000e795e,FUN_000e795e,18,true
000e7970,FUN_000e7970,6,true
000e7976,FUN_000e7976,78,true
000e79c4,FUN_000e79c4,96,true
000e7aa0,FUN_000e7aa0,44,true
000e7acc,FUN_000e7acc,40,true
000e7b54,FUN_000e7b54,62,true
000e7bdc,FUN_000e7bdc,116,true
000e7da6,FUN_000e7da6,52,true
000e7dda,FUN_000e7dda,28,true
000e7df6,FUN_000e7df6,62,true
000e7e34,FUN_000e7e34,28,true
000e7e66,FUN_000e7e66,44,true
000e7e92,FUN_000e7e92,74,true
000e7f4c,FUN_000e7f4c,34,true
000e7f6e,FUN_000e7f6e,10,true
000e7fa8,FUN_000e7fa8,138,true
000e804a,FUN_000e804a,26,true
000e8064,FUN_000e8064,12,true
000e8070,FUN_000e8070,72,true
000e80b8,FUN_000e80b8,14,true
000e80c6,FUN_000e80c6,36,true
000e8142,FUN_000e8142,58,true
000e817c,FUN_000e817c,52,true
000e8456,FUN_000e8456,16,true
000e8466,FUN_000e8466,112,true
000e84ec,FUN_000e84ec,6,true
000e8506,FUN_000e8506,34,true
000e8528,FUN_000e8528,246,true
000e8656,FUN_000e8656,18,true
000e8668,FUN_000e8668,140,true
000e86f4,FUN_000e86f4,52,true
000e8792,FUN_000e8792,6,true
000e87d0,FUN_000e87d0,28,true
000e882c,FUN_000e882c,104,true
000e88d0,FUN_000e88d0,26,true
000e88ea,FUN_000e88ea,68,true
000e892e,FUN_000e892e,66,true
000e8970,FUN_000e8970,68,true
000e89b4,FUN_000e89b4,34,true
000e89ec,FUN_000e89ec,86,true
000e8a8c,FUN_000e8a8c,32,true
000e8aac,FUN_000e8aac,36,true
000e8ad0,FUN_000e8ad0,10,true
000e8ada,FUN_000e8ada,54,true
000e8b90,FUN_000e8b90,70,true
000e8bd6,FUN_000e8bd6,68,true
000e8c04,FUN_000e8c04,282,true
000e8d2e,FUN_000e8d2e,100,true
000e8d5c,FUN_000e8d5c,92,true
000e8db8,FUN_000e8db8,136,true
000e8e40,FUN_000e8e40,180,true
000e8ef4,FUN_000e8ef4,10,true
000e8f2c,FUN_000e8f2c,38,true
000e8fc2,FUN_000e8fc2,206,true
000e9020,FUN_000e9020,54,true
000e9056,FUN_000e9056,212,true
000e912a,FUN_000e912a,74,true
000e9174,FUN_000e9174,226,true
000e925e,FUN_000e925e,180,true
000e9352,FUN_000e9352,206,true
000e9420,FUN_000e9420,894,true
000e97c2,FUN_000e97c2,106,true
000e982e,FUN_000e982e,42,true
000e985a,FUN_000e985a,18,true
000e98b2,FUN_000e98b2,26,true
000e98cc,FUN_000e98cc,88,true
000e9924,FUN_000e9924,44,true
000e9950,FUN_000e9950,78,true
000e999e,FUN_000e999e,106,true
000e9a08,FUN_000e9a08,30,true
000e9a26,FUN_000e9a26,40,true
000e9a5c,FUN_000e9a5c,40,true
000e9a84,FUN_000e9a84,84,true
000e9ad8,FUN_000e9ad8,92,true
000e9b34,FUN_000e9b34,92,true
000e9b90,FUN_000e9b90,266,true
000e9caa,FUN_000e9caa,18,true
000e9cbc,FUN_000e9cbc,262,true
000e9dc8,FUN_000e9dc8,154,true
000e9e62,FUN_000e9e62,252,true
000e9f60,FUN_000e9f60,56,true
000e9f9a,FUN_000e9f9a,442,true
000ea15c,FUN_000ea15c,30,true
000ea17a,FUN_000ea17a,26,true
000ea194,FUN_000ea194,116,true
000ea208,FUN_000ea208,108,true
000ea274,FUN_000ea274,34,true
000ea296,FUN_000ea296,124,true
000ea38e,FUN_000ea38e,140,true
000ea3a6,FUN_000ea3a6,58,true
000ea3f8,FUN_000ea3f8,8,true
000ea400,FUN_000ea400,110,true
000ea46e,FUN_000ea46e,142,true
000ea514,FUN_000ea514,54,true
000ea54a,FUN_000ea54a,52,true
000ea6fe,FUN_000ea6fe,22,true
000ea714,FUN_000ea714,6,true
000ea794,FUN_000ea794,254,true
000ea892,FUN_000ea892,68,true
000ea8d6,FUN_000ea8d6,18,true
000ea8fa,FUN_000ea8fa,18,true
000ea90c,FUN_000ea90c,228,true
000ea9f0,FUN_000ea9f0,52,true
000eaa24,FUN_000eaa24,158,true
000eab02,FUN_000eab02,92,true
000eab5e,FUN_000eab5e,388,true
000eacee,FUN_000eacee,22,true
000eb002,FUN_000eb002,104,true
000eb06a,FUN_000eb06a,40,true
000eb092,FUN_000eb092,14,true
000eb0a0,FUN_000eb0a0,68,true
000eb3c6,FUN_000eb3c6,72,true
000eb40e,FUN_000eb40e,40,true
000eb436,FUN_000eb436,284,true
000eb552,FUN_000eb552,164,true
000eb5f6,FUN_000eb5f6,706,true
000eb99c,FUN_000eb99c,66,true
000eb9de,FUN_000eb9de,50,true
000eba10,FUN_000eba10,42,true
000eba3a,FUN_000eba3a,36,true
000eba70,FUN_000eba70,18,true
000ebb24,FUN_000ebb24,54,true
000ebb5c,FUN_000ebb5c,28,true
000ebb78,FUN_000ebb78,106,true
000ebbe2,FUN_000ebbe2,1274,true
000ec0e8,FUN_000ec0e8,120,true
000ec162,FUN_000ec162,64,true
000ec1a2,FUN_000ec1a2,58,true
000ec1dc,FUN_000ec1dc,196,true
000ec2a0,FUN_000ec2a0,62,true
000ec2de,FUN_000ec2de,196,true
000ec9c4,FUN_000ec9c4,168,true
000eca6c,FUN_000eca6c,182,true
000ece3c,FUN_000ece3c,150,true
000eced2,FUN_000eced2,138,true
000ecf5c,FUN_000ecf5c,112,true
000ecfdc,FUN_000ecfdc,216,true
000ed0b8,FUN_000ed0b8,228,true
000ed0f6,FUN_000ed0f6,52,true
000ed12a,FUN_000ed12a,46,true
000ed158,FUN_000ed158,88,true
000ed1b4,FUN_000ed1b4,30,true
000ed1d2,FUN_000ed1d2,8,true
000ed1da,FUN_000ed1da,164,true
000ed27e,FUN_000ed27e,114,true
000ed2f0,FUN_000ed2f0,42,true
000ed31a,FUN_000ed31a,6,true
000ed320,FUN_000ed320,192,true
000ed3e4,FUN_000ed3e4,50,true
000ed41c,FUN_000ed41c,68,true
000ed464,FUN_000ed464,262,true
000ed574,FUN_000ed574,56,true
000ed5b0,FUN_000ed5b0,74,true
000ed600,FUN_000ed600,258,true
000ed704,FUN_000ed704,328,true
000ed850,FUN_000ed850,16,true
000ed860,FUN_000ed860,16,true
000ed870,thunk_FUN_000b50de,4,true
000ed874,FUN_000ed874,30,true
000ed892,FUN_000ed892,8,true
000ed89c,FUN_000ed89c,20,true
000ed8b4,FUN_000ed8b4,22,true
000ed8fc,FUN_000ed8fc,98,true
000ed9ee,FUN_000ed9ee,6,true
000ed9f4,FUN_000ed9f4,6,true
000ed9fa,FUN_000ed9fa,90,true
000eda6e,FUN_000eda6e,12,true
000eda7a,FUN_000eda7a,34,true
000eda9c,FUN_000eda9c,42,true
000edac6,FUN_000edac6,58,true
000edc24,FUN_000edc24,8,true
000edc2c,FUN_000edc2c,36,true
000edc50,FUN_000edc50,56,true
000edc90,FUN_000edc90,62,true
000edd20,FUN_000edd20,28,true
000edd3e,FUN_000edd3e,160,true
000ede3a,FUN_000ede3a,32,true
000ede5a,FUN_000ede5a,28,true
000ede98,FUN_000ede98,6,true
000edea2,FUN_000edea2,10,true
000edeac,FUN_000edeac,18,true
000ee03e,FUN_000ee03e,82,true
000ee090,FUN_000ee090,98,true
000ee132,FUN_000ee132,70,true
000ee138,FUN_000ee138,50,true
000ee198,FUN_000ee198,118,true
000ee240,FUN_000ee240,94,true
000ee2d2,FUN_000ee2d2,94,true
000ee3c4,FUN_000ee3c4,6,true
000ee436,FUN_000ee436,86,true
000ee4e0,FUN_000ee4e0,82,true
000ee532,thunk_FUN_000b01b4,4,true
000ee536,thunk_FUN_000b01d0,4,true
000ee550,FUN_000ee550,4,true
000ee554,FUN_000ee554,306,true
000ee68c,FUN_000ee68c,6,true
000ee692,FUN_000ee692,72,true
000ee6da,FUN_000ee6da,86,true
000ee788,FUN_000ee788,52,true
000ee7bc,FUN_000ee7bc,80,true
000ee80c,FUN_000ee80c,48,true
000ee83c,FUN_000ee83c,12,true
000ee848,FUN_000ee848,88,true
000ee8a0,FUN_000ee8a0,44,true
000ee8cc,FUN_000ee8cc,110,true
000eedae,FUN_000eedae,6,true
000eedb4,FUN_000eedb4,36,true
000eedd8,FUN_000eedd8,94,true
000eee36,FUN_000eee36,40,true
000eee5e,FUN_000eee5e,34,true
000eee80,FUN_000eee80,38,true
000eef08,FUN_000eef08,6,true
000eef0e,FUN_000eef0e,4,true
000eef40,FUN_000eef40,10,true
000eef4a,FUN_000eef4a,10,true
000eef54,thunk_FUN_000b015e,4,true
000eef66,FUN_000eef66,10,true
000eef7e,FUN_000eef7e,8,true
000eefb8,FUN_000eefb8,10,true
000eefc2,FUN_000eefc2,10,true
000eefcc,thunk_FUN_000b015e,4,true
000eefde,FUN_000eefde,10,true
000eeff2,FUN_000eeff2,110,true
000ef062,FUN_000ef062,54,true
000ef098,FUN_000ef098,40,true
000ef0c0,FUN_000ef0c0,54,true
000ef0f6,FUN_000ef0f6,40,true
000ef11e,FUN_000ef11e,102,true
000ef1f0,FUN_000ef1f0,6,true
000ef1fa,FUN_000ef1fa,10,true
000ef258,FUN_000ef258,10,true
000ef262,FUN_000ef262,30,true
000ef280,FUN_000ef280,66,true
000ef2fc,FUN_000ef2fc,84,true
000ef494,FUN_000ef494,130,true
000ef516,FUN_000ef516,238,true
000ef6f4,FUN_000ef6f4,182,true
000ef7a6,FUN_000ef7a6,84,true
000ef7fa,FUN_000ef7fa,466,true
000efb52,FUN_000efb52,148,true
000efbe6,FUN_000efbe6,130,true
000efc68,FUN_000efc68,434,true
000efe1c,FUN_000efe1c,106,true
000efe86,FUN_000efe86,126,true
000efe94,FUN_000efe94,136,true
000eff60,FUN_000eff60,100,true
000effc4,FUN_000effc4,8,true
000effcc,FUN_000effcc,20,true
000effe0,FUN_000effe0,20,true
000f0018,FUN_000f0018,20,true
000f00bc,FUN_000f00bc,18,true
000f010a,FUN_000f010a,80,true
000f015a,FUN_000f015a,22,true
000f0908,FUN_000f0908,70,true
000f096c,FUN_000f096c,36,true
000f0990,FUN_000f0990,98,true
000f09f2,FUN_000f09f2,46,true
000f0a20,FUN_000f0a20,88,true
000f0a78,FUN_000f0a78,116,true
000f0b34,FUN_000f0b34,130,true
000f0bb6,FUN_000f0bb6,84,true
000f0c0a,FUN_000f0c0a,174,true
000f0cb8,FUN_000f0cb8,22,true
000f0cce,FUN_000f0cce,240,true
000f0dbe,FUN_000f0dbe,34,true
000f0e16,FUN_000f0e16,18,true
000f0e28,FUN_000f0e28,76,true
000f0e74,FUN_000f0e74,264,true
000f0f7c,FUN_000f0f7c,10,true
000f0f86,FUN_000f0f86,10,true
000f0fe0,FUN_000f0fe0,328,true
000f1128,FUN_000f1128,62,true
000f1166,FUN_000f1166,50,true
000f1198,FUN_000f1198,62,true
000f11d6,FUN_000f11d6,6,true
000f11dc,FUN_000f11dc,22,true
000f11f2,FUN_000f11f2,24,true
000f120c,FUN_000f120c,144,true
000f129c,FUN_000f129c,160,true
000f1422,FUN_000f1422,970,true
000f14a6,FUN_000f14a6,84,true
000f14fa,FUN_000f14fa,18,true
000f151a,FUN_000f151a,308,true
000f164e,FUN_000f164e,22,true
000f182c,FUN_000f182c,38,true
000f1852,FUN_000f1852,84,true
000f18a6,FUN_000f18a6,180,true
000f1a14,FUN_000f1a14,86,true
000f1a6a,FUN_000f1a6a,6,true
000f1a70,FUN_000f1a70,6,true
000f1a76,FUN_000f1a76,126,true
000f1af4,FUN_000f1af4,118,true
000f1b6a,FUN_000f1b6a,72,true
000f1bb2,FUN_000f1bb2,44,true
000f1c10,FUN_000f1c10,38,true
000f1c96,FUN_000f1c96,40,true
000f1cbe,FUN_000f1cbe,40,true
000f1ce6,FUN_000f1ce6,40,true
000f1d0e,FUN_000f1d0e,18,true
000f1d20,FUN_000f1d20,4,true
000f1d24,FUN_000f1d24,2,true
000f1d26,FUN_000f1d26,62,true
000f1d64,FUN_000f1d64,258,true
000f1e68,FUN_000f1e68,220,true
000f1f48,FUN_000f1f48,122,true
000f1fc8,FUN_000f1fc8,112,true
000f2038,FUN_000f2038,64,true
000f2078,FUN_000f2078,82,true
000f20cc,FUN_000f20cc,130,true
000f2160,FUN_000f2160,126,true
000f21e4,FUN_000f21e4,24,true
000f2200,FUN_000f2200,16,true
000f2214,FUN_000f2214,620,true
000f2494,FUN_000f2494,240,true
000f2584,FUN_000f2584,64,true
000f25c4,FUN_000f25c4,106,true
000f2730,FUN_000f2730,256,true
000f283c,FUN_000f283c,212,true
000f291c,FUN_000f291c,480,true
000f2b02,FUN_000f2b02,44,true
000f2b2e,FUN_000f2b2e,90,true
000f2b8e,FUN_000f2b8e,36,true
000f2bb2,thunk_FUN_000fe66a,4,true
000f2bb8,FUN_000f2bb8,622,true
000f2e90,FUN_000f2e90,8,true
000f2e98,FUN_000f2e98,32,true
000f2eb8,FUN_000f2eb8,8,true
000f2ec0,FUN_000f2ec0,82,true
000f2f18,FUN_000f2f18,704,true
000f31dc,FUN_000f31dc,192,true
000f32a4,FUN_000f32a4,46,true
000f32d4,FUN_000f32d4,52,true
000f331a,FUN_000f331a,140,true
000f33cc,FUN_000f33cc,6,true
000f33e0,FUN_000f33e0,18,true
000f342a,FUN_000f342a,10,true
000f343e,FUN_000f343e,44,true
000f346a,FUN_000f346a,20,true
000f347e,FUN_000f347e,38,true
000f34a4,FUN_000f34a4,32,true
000f34d6,FUN_000f34d6,2,true
000f34d8,FUN_000f34d8,6,true
000f34de,FUN_000f34de,4,true
000f3528,FUN_000f3528,10,true
000f3532,thunk_FUN_000b0198,4,true
000f3536,FUN_000f3536,10,true
000f354a,FUN_000f354a,84,true
000f359e,FUN_000f359e,110,true
000f3658,FUN_000f3658,82,true
000f3798,FUN_000f3798,46,true
000f37c6,FUN_000f37c6,2,true
000f3822,FUN_000f3822,172,true
000f3874,FUN_000f3874,66,true
000f38b6,FUN_000f38b6,8,true
000f38c4,FUN_000f38c4,8,true
000f38cc,FUN_000f38cc,12,true
000f38d8,FUN_000f38d8,78,true
000f3926,FUN_000f3926,20,true
000f393a,FUN_000f393a,20,true
000f394e,FUN_000f394e,20,true
000f3962,FUN_000f3962,34,true
000f3984,FUN_000f3984,38,true
000f39aa,FUN_000f39aa,44,true
000f39dc,FUN_000f39dc,122,true
000f3a9c,FUN_000f3a9c,696,true
000f3dd4,FUN_000f3dd4,198,true
000f3e9a,FUN_000f3e9a,580,true
000f40de,FUN_000f40de,40,true
000f4106,FUN_000f4106,66,true
000f4148,FUN_000f4148,18,true
000f415a,FUN_000f415a,10,true
000f4164,FUN_000f4164,32,true
000f4184,FUN_000f4184,104,true
000f41f0,FUN_000f41f0,20,true
000f4204,FUN_000f4204,64,true
000f4244,FUN_000f4244,114,true
000f42c0,FUN_000f42c0,140,true
000f4350,FUN_000f4350,16,true
000f43b8,FUN_000f43b8,426,true
000f456a,FUN_000f456a,238,true
000f4658,FUN_000f4658,14,true
000f4666,FUN_000f4666,704,true
000f4938,FUN_000f4938,324,true
000f4b36,FUN_000f4b36,538,true
000f4c94,FUN_000f4c94,556,true
000f4ec2,FUN_000f4ec2,202,true
000f4f8c,FUN_000f4f8c,74,true
000f4fd6,FUN_000f4fd6,54,true
000f500c,FUN_000f500c,822,true
000f5358,FUN_000f5358,132,true
000f53f0,FUN_000f53f0,194,true
000f54b8,FUN_000f54b8,18,true
000f54ca,FUN_000f54ca,22,true
000f54e0,FUN_000f54e0,256,true
000f55e2,FUN_000f55e2,32,true
000f5602,FUN_000f5602,46,true
000f5630,FUN_000f5630,306,true
000f5768,FUN_000f5768,14,true
000f577c,FUN_000f577c,22,true
000f5798,FUN_000f5798,180,true
000f5860,FUN_000f5860,180,true
000f5928,FUN_000f5928,24,true
000f5948,FUN_000f5948,34,true
000f5970,FUN_000f5970,734,true
000f5cec,FUN_000f5cec,252,true
000f5d3c,FUN_000f5d3c,28,true
000f5e10,FUN_000f5e10,176,true
000f5ec0,FUN_000f5ec0,248,true
000f6036,FUN_000f6036,212,true
000f610a,FUN_000f610a,152,true
000f61a2,FUN_000f61a2,440,true
000f6382,FUN_000f6382,174,true
000f651a,FUN_000f651a,84,true
000f6580,FUN_000f6580,36,true
000f65ae,FUN_000f65ae,172,true
000f665a,FUN_000f665a,140,true
000f66e6,FUN_000f66e6,738,true
000f6a74,FUN_000f6a74,188,true
000f6b30,FUN_000f6b30,134,true
000f6bb6,FUN_000f6bb6,80,true
000f6c06,FUN_000f6c06,108,true
000f6c72,FUN_000f6c72,1112,true
000f717a,FUN_000f717a,74,true
000f78d0,FUN_000f78d0,28,true
000f7a5c,FUN_000f7a5c,1140,true
000f7efa,FUN_000f7efa,58,true
000f8038,FUN_000f8038,38,true
000f805e,FUN_000f805e,38,true
000f8084,FUN_000f8084,94,true
000f80e2,FUN_000f80e2,86,true
000f818c,FUN_000f818c,48,true
000f81bc,FUN_000f81bc,84,true
000f8254,FUN_000f8254,28,true
000f82f2,FUN_000f82f2,32,true
000f8604,FUN_000f8604,68,true
000f8942,FUN_000f8942,94,true
000f8b02,FUN_000f8b02,26,true
000f8c0c,FUN_000f8c0c,50,true
000f8c3e,FUN_000f8c3e,794,true
000f8f8a,FUN_000f8f8a,164,true
000f92ae,FUN_000f92ae,304,true
000f93fa,FUN_000f93fa,34,true
000f941c,FUN_000f941c,20,true
000f9450,FUN_000f9450,18,true
000f9462,FUN_000f9462,30,true
000f9480,FUN_000f9480,98,true
000f94e2,FUN_000f94e2,34,true
000f9504,FUN_000f9504,18,true
000f9516,FUN_000f9516,54,true
000f954c,FUN_000f954c,86,true
000f95a2,FUN_000f95a2,86,true
000f95f8,FUN_000f95f8,44,true
000f9624,FUN_000f9624,100,true
000f9688,FUN_000f9688,44,true
000f96b4,FUN_000f96b4,42,true
000f96de,FUN_000f96de,74,true
000f9728,FUN_000f9728,10,true
000f9734,FUN_000f9734,16,true
000f9748,FUN_000f9748,74,true
000f9794,FUN_000f9794,976,true
000f9b78,FUN_000f9b78,210,true
000f9c4a,FUN_000f9c4a,238,true
000f9d38,FUN_000f9d38,272,true
000f9f5e,FUN_000f9f5e,218,true
000fa038,FUN_000fa038,380,true
000fa1b4,FUN_000fa1b4,244,true
000fa2a8,FUN_000fa2a8,90,true
000fa30e,FUN_000fa30e,10,true
000fa318,FUN_000fa318,16,true
000fa328,FUN_000fa328,38,true
000fa34e,FUN_000fa34e,106,true
000fa3b8,FUN_000fa3b8,86,true
000fa414,FUN_000fa414,16,true
000fa424,FUN_000fa424,20,true
000fa438,FUN_000fa438,20,true
000fa44c,FUN_000fa44c,20,true
000fa460,FUN_000fa460,242,true
000fa558,FUN_000fa558,164,true
000fa608,FUN_000fa608,152,true
000fa6a0,FUN_000fa6a0,162,true
000fa7fe,FUN_000fa7fe,24,true
000fa818,FUN_000fa818,22,true
000fa834,FUN_000fa834,48,true
000fa864,FUN_000fa864,4,true
000fa868,FUN_000fa868,426,true
000faa50,FUN_000faa50,4,true
000faa54,FUN_000faa54,320,true
000fabc0,FUN_000fabc0,248,true
000facb8,FUN_000facb8,20,true
000faccc,FUN_000faccc,14,true
000face0,FUN_000face0,472,true
000faee8,FUN_000faee8,58,true
000faf22,FUN_000faf22,4,true
000faf26,FUN_000faf26,66,true
000faf6e,FUN_000faf6e,52,true
000fafa2,FUN_000fafa2,282,true
000fb0bc,FUN_000fb0bc,82,true
000fb17c,FUN_000fb17c,32,true
000fb1a2,FUN_000fb1a2,40,true
000fb1d0,FUN_000fb1d0,66,true
000fb23e,FUN_000fb23e,54,true
000fb274,FUN_000fb274,42,true
000fb29e,FUN_000fb29e,50,true
000fb304,FUN_000fb304,26,true
000fb31e,FUN_000fb31e,4,true
000fb322,FUN_000fb322,6,true
000fb328,FUN_000fb328,100,true
000fb38c,FUN_000fb38c,28,true
000fb3a8,FUN_000fb3a8,130,true
000fb440,FUN_000fb440,42,true
000fb4f0,FUN_000fb4f0,70,true
000fb536,FUN_000fb536,98,true
000fb5e8,FUN_000fb5e8,74,true
000fb632,FUN_000fb632,70,true
000fb67e,FUN_000fb67e,26,true
000fb698,FUN_000fb698,40,true
000fb6c0,FUN_000fb6c0,50,true
000fb708,FUN_000fb708,86,true
000fb770,FUN_000fb770,208,true
000fb840,FUN_000fb840,14,true
000fb84e,FUN_000fb84e,14,true
000fb85c,FUN_000fb85c,170,true
000fb94a,FUN_000fb94a,100,true
000fb9ea,FUN_000fb9ea,12,true
000fb9f6,FUN_000fb9f6,6,true
000fb9fc,FUN_000fb9fc,28,true
000fba18,FUN_000fba18,10,true
000fba22,FUN_000fba22,24,true
000fba6a,FUN_000fba6a,38,true
000fba92,FUN_000fba92,44,true
000fbabe,FUN_000fbabe,38,true
000fbae6,FUN_000fbae6,44,true
000fbb12,FUN_000fbb12,38,true
000fbb3a,FUN_000fbb3a,38,true
000fbb62,FUN_000fbb62,38,true
000fbb94,FUN_000fbb94,66,true
000fbbe4,FUN_000fbbe4,18,true
000fbc80,FUN_000fbc80,76,true
000fbccc,FUN_000fbccc,34,true
000fbcee,FUN_000fbcee,128,true
000fbdb8,FUN_000fbdb8,264,true
000fbec0,FUN_000fbec0,8,true
000fbec8,FUN_000fbec8,312,true
000fc004,FUN_000fc004,36,true
000fc156,FUN_000fc156,56,true
000fc18e,FUN_000fc18e,52,true
000fc1c2,FUN_000fc1c2,30,true
000fc1e0,FUN_000fc1e0,52,true
000fc226,FUN_000fc226,250,true
000fc27e,FUN_000fc27e,46,true
000fc388,FUN_000fc388,58,true
000fc3c2,FUN_000fc3c2,50,true
000fc48c,FUN_000fc48c,30,true
000fc4aa,FUN_000fc4aa,30,true
000fc514,FUN_000fc514,364,true
000fc754,FUN_000fc754,184,true
000fc81c,FUN_000fc81c,212,true
000fc8fc,FUN_000fc8fc,26,true
000fc918,FUN_000fc918,502,true
000fcb1c,FUN_000fcb1c,152,true
000fcbf0,FUN_000fcbf0,122,true
000fcc78,FUN_000fcc78,102,true
000fcce4,FUN_000fcce4,260,true
000fcdf0,FUN_000fcdf0,152,true
000fce8c,FUN_000fce8c,138,true
000fcf28,FUN_000fcf28,406,true
000fd0ca,FUN_000fd0ca,18,true
000fd0dc,FUN_000fd0dc,52,true
000fd110,FUN_000fd110,140,true
000fd25c,FUN_000fd25c,444,true
000fd41c,FUN_000fd41c,196,true
000fd4a0,FUN_000fd4a0,180,true
000fd554,FUN_000fd554,50,true
000fd5c6,FUN_000fd5c6,36,true
000fd5ea,FUN_000fd5ea,62,true
000fd628,FUN_000fd628,6,true
000fd62e,FUN_000fd62e,100,true
000fd692,FUN_000fd692,6,true
000fd698,FUN_000fd698,44,true
000fd6c8,FUN_000fd6c8,10,true
000fd6d2,FUN_000fd6d2,10,true
000fd6dc,FUN_000fd6dc,10,true
000fd6e6,FUN_000fd6e6,218,true
000fd7c0,FUN_000fd7c0,432,true
000fd97a,FUN_000fd97a,678,true
000fdc24,FUN_000fdc24,240,true
000fdd18,FUN_000fdd18,458,true
000fdee2,FUN_000fdee2,56,true
000fdf1a,FUN_000fdf1a,60,true
000fdfd4,FUN_000fdfd4,80,true
000fe024,FUN_000fe024,114,true
000fe096,FUN_000fe096,52,true
000fe0ca,FUN_000fe0ca,36,true
000fe0ee,FUN_000fe0ee,40,true
000fe116,FUN_000fe116,20,true
000fe12c,FUN_000fe12c,266,true
000fe23c,FUN_000fe23c,334,true
000fe38a,FUN_000fe38a,82,true
000fe3dc,FUN_000fe3dc,490,true
000fe5cc,FUN_000fe5cc,148,true
000fe660,FUN_000fe660,6,true
000fe666,FUN_000fe666,4,true
000fe66a,FUN_000fe66a,20,true
000fe680,FUN_000fe680,2846,true
000ff2b8,FUN_000ff2b8,24,true
000ff2d8,FUN_000ff2d8,24,true
000ff2f0,FUN_000ff2f0,12,true
000ff2fc,FUN_000ff2fc,4,true
000ff300,FUN_000ff300,32,true
000ff320,FUN_000ff320,4,true
000ff324,FUN_000ff324,4,true
000ff328,FUN_000ff328,82,true
000ff388,FUN_000ff388,132,true
000ff418,FUN_000ff418,658,true
000ff6b8,FUN_000ff6b8,6,true
000ff6cc,FUN_000ff6cc,18,true
000ff72e,FUN_000ff72e,8,true
000ff744,FUN_000ff744,18,true
000ff7a6,FUN_000ff7a6,8,true
000ff7b2,FUN_000ff7b2,10,true
000ff7bc,FUN_000ff7bc,18,true
000ff830,FUN_000ff830,142,true
000ff8be,FUN_000ff8be,54,true
000ff8f4,FUN_000ff8f4,34,true
000ff90c,FUN_000ff90c,184,true
000ff9c4,FUN_000ff9c4,52,true
000ff9f8,FUN_000ff9f8,46,true
000ffa90,FUN_000ffa90,46,true
000ffaf0,FUN_000ffaf0,52,true
000ffb24,FUN_000ffb24,34,true
000ffb46,FUN_000ffb46,78,true
000ffb94,FUN_000ffb94,72,true
000ffbd2,FUN_000ffbd2,152,true
000ffca4,FUN_000ffca4,72,true
000ffe4a,FUN_000ffe4a,96,true
000ffeaa,FUN_000ffeaa,126,true
000fff44,thunk_FUN_000b01b4,4,true
000fff48,thunk_FUN_000b01d0,4,true
000fff4c,thunk_FUN_000b01b4,4,true
000fff50,thunk_FUN_000b01d0,4,true
000fff54,thunk_FUN_000b01b4,4,true
000fff58,thunk_FUN_000b01d0,4,true
000fff5c,FUN_000fff5c,164,true
00100000,FUN_00100000,160,true
001000a0,FUN_001000a0,224,true
0010017e,FUN_0010017e,34,true
001001a0,FUN_001001a0,56,true
001001d8,FUN_001001d8,42,true
0010024c,FUN_0010024c,110,true
0010029c,FUN_0010029c,38,true
00100304,FUN_00100304,28,true
00100394,FUN_00100394,48,true
001003c4,FUN_001003c4,100,true
00100428,FUN_00100428,90,true
001004a0,FUN_001004a0,20,true
001009ac,FUN_001009ac,90,true
00100a7e,FUN_00100a7e,38,true
00100b04,FUN_00100b04,36,true
00100b28,FUN_00100b28,24,true
00100b50,FUN_00100b50,8,true
00100b58,FUN_00100b58,12,true
00100b64,FUN_00100b64,114,true
00100bd6,FUN_00100bd6,78,true
00100c24,FUN_00100c24,44,true
00100c50,FUN_00100c50,122,true
00100cca,FUN_00100cca,138,true
00100d54,FUN_00100d54,60,true
00100d90,FUN_00100d90,202,true
00100e5a,FUN_00100e5a,38,true
00100e80,FUN_00100e80,202,true
00100f4a,FUN_00100f4a,6,true
00100f50,FUN_00100f50,168,true
0010107c,FUN_0010107c,36,true
001010a0,FUN_001010a0,6,true
001010ae,FUN_001010ae,8,true
001010b6,FUN_001010b6,6,true
001010bc,FUN_001010bc,2,true
00101216,FUN_00101216,136,true
001012d8,FUN_001012d8,12,true
001012e4,FUN_001012e4,18,true
00101328,FUN_00101328,588,true
0010157c,FUN_0010157c,188,true
00101640,FUN_00101640,198,true
0010170c,FUN_0010170c,84,true
00101764,FUN_00101764,18,true
00101776,FUN_00101776,218,true
00101850,FUN_00101850,26,true
00101870,FUN_00101870,122,true
001018ec,FUN_001018ec,1908,true
00102068,FUN_00102068,2854,true
00102bdc,FUN_00102bdc,168,true
00102c88,FUN_00102c88,20,true
00102c9c,FUN_00102c9c,20,true
00102cb0,FUN_00102cb0,38,true
00102cd6,FUN_00102cd6,50,true
00102d08,FUN_00102d08,54,true
00102d40,FUN_00102d40,12,true
00102d50,FUN_00102d50,18,true
00102d68,FUN_00102d68,86,true
00102dc0,FUN_00102dc0,1246,true
001032ac,FUN_001032ac,74,true
001032f6,FUN_001032f6,220,true
001033d2,FUN_001033d2,232,true
001034ba,FUN_001034ba,196,true
0010357e,FUN_0010357e,100,true
001035e4,FUN_001035e4,1156,true
00103a6c,FUN_00103a6c,142,true
00103afa,FUN_00103afa,434,true
00103cae,FUN_00103cae,610,true
00103f10,FUN_00103f10,406,true
001040ac,FUN_001040ac,118,true
00104124,FUN_00104124,296,true
00104254,FUN_00104254,82,true
001042a6,FUN_001042a6,66,true
001042e8,FUN_001042e8,100,true
0010434c,FUN_0010434c,20,true
00104360,FUN_00104360,20,true
00104374,FUN_00104374,20,true
00104388,FUN_00104388,86,true
001043de,FUN_001043de,128,true
0010446c,FUN_0010446c,124,true
001044ec,FUN_001044ec,50,true
0010451e,FUN_0010451e,50,true
00104550,FUN_00104550,138,true
001045dc,FUN_001045dc,172,true
0010468c,FUN_0010468c,32,true
001046b0,FUN_001046b0,938,true
00104ae8,FUN_00104ae8,28,true
00104b18,FUN_00104b18,24,true
00104b38,FUN_00104b38,34,true
00104b60,FUN_00104b60,6,true
00104b78,FUN_00104b78,298,true
00104ca4,FUN_00104ca4,12,true
00104cb0,FUN_00104cb0,542,true
00104ed6,FUN_00104ed6,26,true
00104ef0,FUN_00104ef0,158,true
00104f2c,FUN_00104f2c,12,true
00104f38,FUN_00104f38,26,true
00104f52,FUN_00104f52,138,true
001050d4,FUN_001050d4,142,true
0010517c,FUN_0010517c,28,true
00105198,FUN_00105198,28,true
001051b4,FUN_001051b4,6,true
001051ba,FUN_001051ba,6,true
001051e0,FUN_001051e0,34,true
001052fc,FUN_001052fc,66,true
00105386,FUN_00105386,106,true
001053f0,FUN_001053f0,100,true
00105496,FUN_00105496,110,true
00105504,FUN_00105504,158,true
001055bc,FUN_001055bc,32,true
00105686,FUN_00105686,68,true
00105770,FUN_00105770,80,true
001057c0,FUN_001057c0,64,true
00105800,FUN_00105800,40,true
00105850,FUN_00105850,96,true
001058b0,FUN_001058b0,90,true
0010590a,FUN_0010590a,36,true
00105950,FUN_00105950,6,true
00105964,FUN_00105964,18,true
001059ca,thunk_FUN_000b01b4,4,true
001059ce,thunk_FUN_000b01d0,4,true
001059e0,FUN_001059e0,30,true
001059fe,FUN_001059fe,18,true
00105a10,FUN_00105a10,138,true
00105b38,FUN_00105b38,624,true
00105de0,FUN_00105de0,282,true
00105efa,FUN_00105efa,8,true
00105f02,FUN_00105f02,22,true
00105f18,FUN_00105f18,184,true
00105fd0,FUN_00105fd0,36,true
00105ff4,FUN_00105ff4,120,true
0010606c,FUN_0010606c,76,true
001060b8,FUN_001060b8,224,true
00106198,FUN_00106198,6,true
0010619e,FUN_0010619e,24,true
001061f2,FUN_001061f2,268,true
001062fe,FUN_001062fe,252,true
00106458,FUN_00106458,32,true
00106478,FUN_00106478,6,true
00106486,FUN_00106486,38,true
001064ac,FUN_001064ac,8,true
001064c8,FUN_001064c8,36,true
001064ec,FUN_001064ec,76,true
00106538,FUN_00106538,32,true
00106590,FUN_00106590,26,true
001065aa,FUN_001065aa,26,true
001065f4,FUN_001065f4,62,true
00106602,FUN_00106602,12,true
0010661e,FUN_0010661e,22,true
00106634,FUN_00106634,54,true
00106640,FUN_00106640,18,true
00106652,FUN_00106652,40,true
00106674,FUN_00106674,26,true
00106690,FUN_00106690,264,true
001067a0,FUN_001067a0,18,true
001067b2,FUN_001067b2,150,true
00106848,FUN_00106848,30,true
00106866,FUN_00106866,122,true
001068e0,FUN_001068e0,88,true
00106938,FUN_00106938,48,true
0010696c,FUN_0010696c,414,true
00106b0a,FUN_00106b0a,514,true
00106d0c,FUN_00106d0c,84,true
00106d60,FUN_00106d60,98,true
00106dc2,FUN_00106dc2,10,true
00106dcc,FUN_00106dcc,58,true
00106e06,FUN_00106e06,64,true
00106e46,FUN_00106e46,38,true
00106e6c,FUN_00106e6c,30,true
00106e8a,FUN_00106e8a,46,true
00106eb8,FUN_00106eb8,96,true
00106f18,FUN_00106f18,414,true
001070b6,FUN_001070b6,330,true
00107200,FUN_00107200,488,true
001073e8,FUN_001073e8,26,true
00107402,FUN_00107402,26,true
0010741c,FUN_0010741c,38,true
00107442,FUN_00107442,104,true
001074ac,FUN_001074ac,388,true
00107638,FUN_00107638,14,true
00107646,FUN_00107646,184,true
00107730,FUN_00107730,60,true
001078c6,FUN_001078c6,56,true
0010791c,FUN_0010791c,332,true
00107a68,FUN_00107a68,380,true
00107be4,FUN_00107be4,412,true
00107e24,FUN_00107e24,92,true
00107e80,FUN_00107e80,54,true
00107eb6,FUN_00107eb6,44,true
00107ee2,FUN_00107ee2,52,true
00107f16,FUN_00107f16,64,true
00107f56,FUN_00107f56,216,true
0010802e,FUN_0010802e,298,true
00108158,FUN_00108158,552,true
001083c0,FUN_001083c0,38,true
001083e6,FUN_001083e6,22,true
001083fc,FUN_001083fc,6,true
00108418,FUN_00108418,120,true
00108498,FUN_00108498,28,true
001084b4,FUN_001084b4,24,true
001084dc,FUN_001084dc,8,true
001084e4,FUN_001084e4,78,true
00108532,FUN_00108532,12,true
0010853e,FUN_0010853e,140,true
001085ca,FUN_001085ca,476,true
001087a6,FUN_001087a6,120,true
0010881e,FUN_0010881e,48,true
0010884e,FUN_0010884e,98,true
001088b0,FUN_001088b0,100,true
00108916,FUN_00108916,12,true
00108922,FUN_00108922,6,true
00108928,FUN_00108928,2,true
00108930,FUN_00108930,24,true
00108948,FUN_00108948,24,true
00108970,FUN_00108970,12,true
00108978,FUN_00108978,54,true
001089ae,FUN_001089ae,268,true
00108aba,FUN_00108aba,186,true
00108b74,FUN_00108b74,56,true
00108bac,FUN_00108bac,60,true
00108be8,FUN_00108be8,182,true
00108c9e,FUN_00108c9e,6,true
00108ca4,FUN_00108ca4,2,true
00108cac,FUN_00108cac,76,true
00108cf8,FUN_00108cf8,48,true
00108d28,FUN_00108d28,104,true
00108d90,FUN_00108d90,4,true
00108d94,FUN_00108d94,10,true
00108d9e,FUN_00108d9e,4,true
00108da2,FUN_00108da2,18,true
00108dbc,FUN_00108dbc,18,true
00108e68,FUN_00108e68,28,true
00108e84,FUN_00108e84,24,true
00108e9c,FUN_00108e9c,36,true
00108edc,FUN_00108edc,4,true
00108ee4,FUN_00108ee4,4,true
00108eec,FUN_00108eec,16,true
00108efc,FUN_00108efc,26,true
00108f18,FUN_00108f18,162,true
00108fc0,FUN_00108fc0,66,true
00109002,FUN_00109002,54,true
00109038,FUN_00109038,18,true
00109050,FUN_00109050,432,true
00109540,FUN_00109540,88,true
00109598,FUN_00109598,92,true
001095f6,FUN_001095f6,34,true
00109618,FUN_00109618,6,true
0010961e,FUN_0010961e,694,true
001098fc,FUN_001098fc,26,true
00109916,FUN_00109916,30,true
00109934,FUN_00109934,60,true
00109970,FUN_00109970,40,true
00109998,FUN_00109998,36,true
001099bc,FUN_001099bc,22,true
001099d2,FUN_001099d2,38,true
001099f8,FUN_001099f8,36,true
00109a1c,FUN_00109a1c,44,true
00109a48,FUN_00109a48,46,true
00109a76,FUN_00109a76,22,true
00109aa8,FUN_00109aa8,10,true
00109ab2,FUN_00109ab2,40,true
00109b2e,FUN_00109b2e,6,true
00109b34,FUN_00109b34,8,true
00109b42,FUN_00109b42,20,true
00109b56,FUN_00109b56,84,true
00109bb0,FUN_00109bb0,188,true
00109c6c,FUN_00109c6c,154,true
00109d06,FUN_00109d06,138,true
00109d90,FUN_00109d90,32,true
00109db0,FUN_00109db0,30,true
00109dce,FUN_00109dce,22,true
00109e0c,FUN_00109e0c,108,true
00109e78,FUN_00109e78,4,true
00109e7e,FUN_00109e7e,78,true
00109ecc,FUN_00109ecc,74,true
00109f16,FUN_00109f16,58,true
00109f50,FUN_00109f50,30,true
00109f6e,FUN_00109f6e,50,true
00109fac,FUN_00109fac,6,true
00109fb2,FUN_00109fb2,64,true
0010a014,FUN_0010a014,48,true
0010a07e,FUN_0010a07e,54,true
0010a0b4,FUN_0010a0b4,84,true
0010a108,FUN_0010a108,6,true
0010a10e,FUN_0010a10e,6,true
0010a114,FUN_0010a114,8,true
0010a11c,FUN_0010a11c,210,true
0010a222,FUN_0010a222,82,true
0010a26e,FUN_0010a26e,70,true
0010a7ac,FUN_0010a7ac,28,true
0010a99c,FUN_0010a99c,502,true
0010a9b0,FUN_0010a9b0,92,true
0010aa0c,FUN_0010aa0c,394,true
0010ac94,FUN_0010ac94,326,true
0010adda,FUN_0010adda,434,true
0010b0c2,FUN_0010b0c2,82,true
0010b2b8,FUN_0010b2b8,24,true
0010b2d0,FUN_0010b2d0,18,true
0010b2f0,FUN_0010b2f0,114,true
0010b362,FUN_0010b362,178,true
0010b414,FUN_0010b414,228,true
0010b4f8,FUN_0010b4f8,8,true
0010b510,FUN_0010b510,44,true
0010b53c,FUN_0010b53c,120,true
0010b5b4,FUN_0010b5b4,304,true
0010b6ec,FUN_0010b6ec,98,true
0010b74e,FUN_0010b74e,20,true
0010b762,FUN_0010b762,236,true
0010b84e,FUN_0010b84e,42,true
0010b8a6,FUN_0010b8a6,34,true
0010b8ca,FUN_0010b8ca,16,true
0010b8da,FUN_0010b8da,172,true
0010b986,FUN_0010b986,40,true
0010b9dc,FUN_0010b9dc,4,true
0010b9e0,FUN_0010b9e0,34,true
0010ba02,FUN_0010ba02,56,true
0010bb78,FUN_0010bb78,336,true
0010bcc8,FUN_0010bcc8,38,true
0010bcee,FUN_0010bcee,64,true
0010bd2e,FUN_0010bd2e,20,true
0010bd48,FUN_0010bd48,322,true
0010beb8,FUN_0010beb8,280,true
0010bfe8,FUN_0010bfe8,16,true
0010c028,FUN_0010c028,106,true
0010c092,FUN_0010c092,72,true
0010c118,FUN_0010c118,94,true
0010c176,FUN_0010c176,126,true
0010c358,FUN_0010c358,12,true
0010c364,FUN_0010c364,6,true
0010c3ae,FUN_0010c3ae,12,true
0010c3ba,FUN_0010c3ba,8,true
0010c3c2,FUN_0010c3c2,10,true
0010c3d4,FUN_0010c3d4,6,true
0010c3da,FUN_0010c3da,550,true
0010c600,FUN_0010c600,18,true
0010c7b4,FUN_0010c7b4,18,true
0010c898,FUN_0010c898,80,true
0010caba,FUN_0010caba,66,true
0010cafc,FUN_0010cafc,106,true
0010cdfe,FUN_0010cdfe,122,true
0010ce7e,FUN_0010ce7e,118,true
0010d2ac,FUN_0010d2ac,58,true
0010d2e6,FUN_0010d2e6,12,true
0010d2f2,FUN_0010d2f2,44,true
0010d31e,FUN_0010d31e,40,true
0010d398,FUN_0010d398,8,true
0010d3a0,FUN_0010d3a0,6,true
0010d3dc,FUN_0010d3dc,124,true
0010d458,FUN_0010d458,26,true
0010d472,FUN_0010d472,660,true
0010d496,FUN_0010d496,112,true
0010d504,FUN_0010d504,170,true
0010d65e,FUN_0010d65e,148,true
0010d6f2,FUN_0010d6f2,96,true
0010d7b4,FUN_0010d7b4,2,true
0010d7b6,FUN_0010d7b6,2,true
0010d7c6,FUN_0010d7c6,2,true
0010d7d4,FUN_0010d7d4,152,true
0010d874,FUN_0010d874,152,true
0010d90c,FUN_0010d90c,74,true
0010d956,FUN_0010d956,14,true
0010d964,FUN_0010d964,48,true
0010d9c4,FUN_0010d9c4,120,true
0010da4a,FUN_0010da4a,46,true
0010da78,FUN_0010da78,128,true
0010daf8,FUN_0010daf8,106,true
0010df5c,FUN_0010df5c,14,true
0010df84,FUN_0010df84,2,true
0010df8c,FUN_0010df8c,34,true
0010dfb8,FUN_0010dfb8,34,true
0010dfe4,FUN_0010dfe4,20,true
0010dffe,FUN_0010dffe,52,true
0010e032,FUN_0010e032,22,true
0010e048,FUN_0010e048,42,true
0010e094,FUN_0010e094,42,true
0010e0be,FUN_0010e0be,42,true
0010e0e8,FUN_0010e0e8,50,true
0010e11a,FUN_0010e11a,42,true
0010e144,FUN_0010e144,106,true
0010e18c,FUN_0010e18c,22,true
0010e1a2,FUN_0010e1a2,18,true
0010e1b4,FUN_0010e1b4,34,true
0010e1d6,FUN_0010e1d6,34,true
0010e1f8,FUN_0010e1f8,18,true
0010e20a,FUN_0010e20a,190,true
0010e2ce,FUN_0010e2ce,86,true
0010e324,FUN_0010e324,82,true
0010e35c,FUN_0010e35c,72,true
0010e3a6,FUN_0010e3a6,404,true
0010e53c,FUN_0010e53c,50,true
0010e57c,FUN_0010e57c,704,true
0010e842,FUN_0010e842,50,true
0010e874,FUN_0010e874,16,true
0010e88c,FUN_0010e88c,244,true
0010e980,FUN_0010e980,50,true
0010e9b2,FUN_0010e9b2,16,true
0010e9c8,FUN_0010e9c8,76,true
0010ea14,FUN_0010ea14,96,true
0010ea7c,FUN_0010ea7c,76,true
0010eac8,FUN_0010eac8,96,true
0010eb30,FUN_0010eb30,114,true
0010eba2,FUN_0010eba2,96,true
0010ec0c,FUN_0010ec0c,784,true
0010ef1c,FUN_0010ef1c,96,true
0010efae,FUN_0010efae,6,true
0010efb4,FUN_0010efb4,116,true
0010f028,FUN_0010f028,56,true
0010f060,FUN_0010f060,38,true
0010f086,FUN_0010f086,10,true
0010f090,FUN_0010f090,86,true
0010f0e6,FUN_0010f0e6,40,true
0010f10e,FUN_0010f10e,338,true
0010f268,FUN_0010f268,134,true
0010f2ee,FUN_0010f2ee,80,true
0010f33e,FUN_0010f33e,48,true
0010f36e,FUN_0010f36e,32,true
0010f3ba,thunk_FUN_000fbabe,4,true
0010f3be,FUN_0010f3be,44,true
0010f3ea,FUN_0010f3ea,14,true
0010f3f8,FUN_0010f3f8,402,true
0010f58a,FUN_0010f58a,68,true
0010f61e,FUN_0010f61e,78,true
0010f66c,FUN_0010f66c,44,true
0010f698,FUN_0010f698,64,true
0010f70a,FUN_0010f70a,80,true
0010f75a,FUN_0010f75a,24,true
0010f772,FUN_0010f772,64,true
0010f7b2,FUN_0010f7b2,38,true
0010f800,FUN_0010f800,6,true
0010f806,FUN_0010f806,6,true
0010f830,FUN_0010f830,48,true
0010f860,FUN_0010f860,112,true
0010f8d0,FUN_0010f8d0,110,true
0010f984,FUN_0010f984,108,true
0010f9f0,FUN_0010f9f0,172,true
0010fab6,FUN_0010fab6,2,true
0010fab8,FUN_0010fab8,8,true
0010fac0,FUN_0010fac0,214,true
0010fb98,FUN_0010fb98,44,true
0010fbc4,FUN_0010fbc4,76,true
0010fc14,FUN_0010fc14,16,true
0010fc3e,FUN_0010fc3e,16,true
0010fc4e,FUN_0010fc4e,10,true
0010fc5c,FUN_0010fc5c,68,true
0010fca0,FUN_0010fca0,150,true
0010fd36,FUN_0010fd36,82,true
0010fd88,FUN_0010fd88,68,true
0010fdd0,FUN_0010fdd0,84,true
0010fe24,FUN_0010fe24,118,true
0010fe9a,FUN_0010fe9a,104,true
0010ff02,FUN_0010ff02,256,true
00110002,FUN_00110002,204,true
001100d4,FUN_001100d4,36,true
001100f8,FUN_001100f8,22,true
00110260,entry_point,8,true
00110268,FUN_00110268,38,true
001104fc,FUN_001104fc,110,true
00110598,FUN_00110598,24,true
001105b0,FUN_001105b0,20,true
001106f6,FUN_001106f6,182,true
001107ae,FUN_001107ae,62,true
001107ec,FUN_001107ec,38,true
00110a74,FUN_00110a74,246,true
00110b6a,FUN_00110b6a,38,true
00111090,FUN_00111090,110,true
00111260,FUN_00111260,306,true
001113a4,FUN_001113a4,246,true
001114dc,FUN_001114dc,44,true
0011150a,FUN_0011150a,40,true
00111a6c,FUN_00111a6c,68,true
00111b2e,FUN_00111b2e,158,true
00111bc8,FUN_00111bc8,38,true
001138bc,vector_core_0,8,true
001138c4,vector_core_2,8,true
001138cc,vector_core_3,8,true
001138d4,vector_core_1,2,true
001138d6,FUN_001138d6,38,true
00113abe,FUN_00113abe,18,true
00113ad0,FUN_00113ad0,12,true
00113e06,FUN_00113e06,38,true
00113e2c,FUN_00113e2c,36,true
00113f6e,FUN_00113f6e,20,true
0011412c,FUN_0011412c,154,true
001141c6,FUN_001141c6,20,true
001141de,FUN_001141de,252,true
001142da,FUN_001142da,114,true
00114378,FUN_00114378,146,true
00114470,FUN_00114470,88,true
001149ba,FUN_001149ba,34,true
00114e46,FUN_00114e46,90,true
00114e9c,FUN_00114e9c,64,true
0011504a,FUN_0011504a,228,true
0011512e,FUN_0011512e,214,true
00115204,FUN_00115204,304,true
00115336,FUN_00115336,104,true
0011539e,FUN_0011539e,54,true
001153d8,FUN_001153d8,20,true
0011575e,FUN_0011575e,60,true
0011579a,FUN_0011579a,20,true
0011581c,FUN_0011581c,222,true
001158fe,FUN_001158fe,42,true
00115b16,FUN_00115b16,58,true
00115b50,FUN_00115b50,66,true
00115b92,FUN_00115b92,56,true
00115c06,FUN_00115c06,76,true
00115c54,FUN_00115c54,28,true
00115c7a,FUN_00115c7a,100,true
00115ce0,FUN_00115ce0,16,true
0011645a,FUN_0011645a,82,true
001164ae,FUN_001164ae,38,true
0011654e,FUN_0011654e,74,true
001175ee,FUN_001175ee,72,true
00117632,FUN_00117632,70,true
00117902,FUN_00117902,56,true
0011794e,FUN_0011794e,114,true
001179d2,FUN_001179d2,82,true
00117b2c,FUN_00117b2c,34,true
00117b4e,FUN_00117b4e,16,true
00117bb4,FUN_00117bb4,64,true
00117bd6,FUN_00117bd6,22,true
00117bec,FUN_00117bec,84,true
00117cb8,FUN_00117cb8,150,true
00117dce,FUN_00117dce,46,true
00117dfc,FUN_00117dfc,62,true
00117e3a,FUN_00117e3a,42,true
00117e64,FUN_00117e64,54,true
00117e9a,FUN_00117e9a,76,true
00117f5a,FUN_00117f5a,88,true
001185d6,FUN_001185d6,74,true
00118620,FUN_00118620,32,true
001186e8,FUN_001186e8,76,true
00118734,FUN_00118734,34,true
00118954,FUN_00118954,46,true
00118982,FUN_00118982,32,true
00118b2c,FUN_00118b2c,58,true
00118b66,FUN_00118b66,58,true
0011921a,FUN_0011921a,164,true
001192be,FUN_001192be,82,true
00119f84,FUN_00119f84,30,true
00119fa2,FUN_00119fa2,28,true
0011a36c,FUN_0011a36c,162,true
0011a40e,FUN_0011a40e,186,true
0011a4c8,FUN_0011a4c8,184,true
0011aa14,FUN_0011aa14,148,true
0011aaa8,FUN_0011aaa8,214,true
0011ab7a,FUN_0011ab7a,490,true
0011b134,FUN_0011b134,78,true
0011b808,FUN_0011b808,462,true
0011b9d6,FUN_0011b9d6,180,true
0011ba8a,FUN_0011ba8a,2026,true
0011c280,FUN_0011c280,164,true
0011c324,FUN_0011c324,1258,true
0011cd3c,FUN_0011cd3c,1618,true
0011d39c,FUN_0011d39c,68,true
0011d406,FUN_0011d406,738,true
0011d6ec,FUN_0011d6ec,716,true
0011e840,FUN_0011e840,34,true
0011e950,FUN_0011e950,126,true
0011ec4e,FUN_0011ec4e,94,true
0011ecac,FUN_0011ecac,76,true
0011ecf8,FUN_0011ecf8,14,true
0011f47c,FUN_0011f47c,550,true
0011f74e,FUN_0011f74e,1534,true
0013fbb4,FUN_0013fbb4,80,true
0013fc04,FUN_0013fc04,118,true
0013fe7e,FUN_0013fe7e,16,true
0013fe8e,FUN_0013fe8e,120,true
0013ff2a,thunk_FUN_0001e350,10,true
0013ff34,thunk_FUN_000d6cfc,10,true
